npc_name,worldknowledge_tags
+blind+_luke,"blind_luke,common,human,mojave,new_vegas,survival,survivalist"
+sweet+_jill,"common,human,mojave,new_vegas,survival,survivalist,sweet_jill"
010011110110111001100101,"010011110110111001100101,big_mt,common,mojave,robot,soldier"
10_of_spades,"10_of_spades,common,human,mojave,ncr"
alerio,"alerio,caesars_legion,common,human,mojave,new_vegas"
alexander,"alexander,camp_mccarran,common,firearms,human,mojave"
alexus,"alexus,caesars_legion,common,human,leader,mojave,ncr"
alice_hostetler,"alice_hostetler,common,human"
alice_mcbride,"alice_mcbride,common,human,mojave,novac,survival,survivalist"
alice_mclafferty,"alice_mclafferty,common,human,mojave,ncr,politics,traveler"
allen_marks,"allen_marks,common,human,hunter,mojave"
amb_dennis_crocker,"amb_dennis_crocker,common,mojave,ncr,new_vegas,politics,traveler"
anders,"anders,caesars_legion,common,great_khans,human,mojave,red_rock_canyon,trade"
andy_scabb,"andy_scabb,common,ghoul,leader,mojave,new_vegas,survival,survivalist"
angela_williams,"angela_williams,common,engineer,engineering,hoover_dam,human,mojave,researcher"
anne,"anne,common,human,mojave,ncr,new_vegas,survival,survivalist"
antony,"antony,caesars_legion,common,human,mojave,technology"
apprentice_melissa_watkins,"apprentice_melissa_watkins,common,hidden_valley,human,mojave"
april_martimer,"april_martimer,common,followers_of_the_apocalypse,freeside,human,mojave,scientist,technology"
arcade_gannon,"arcade_gannon,common,followers_of_the_apocalypse,freeside,history,human,medic,medicine,mojave,researcher"
argyll,"argyll,boomers,common,human,medic,medicine,mojave,nellis_air_force_base"
arms_merchant,"arms_merchant,common,hoover_dam,human,merchant,military,mojave,ncr,soldier"
assassin,"assassin,common,human,mojave,new_vegas_strip,white_glove_society"
assistant,"assistant,common,human,mojave,new_vegas"
atomic_wrangler_cashier,"atomic_wrangler_cashier,common,freeside,human,mojave"
atomic_wrangler_crier,"atomic_wrangler_crier,common,freeside,human,mojave"
atomic_wrangler_guard,"atomic_wrangler_guard,common,firearms,freeside,human,mojave,soldier"
atticus,"atticus,caesars_legion,common,human,medic,medicine,mojave,survival,survivalist"
audaz,"audaz,common,dog,mojave,soldier"
aurelius_of_phoenix,"aurelius_of_phoenix,caesars_legion,common,human,military,mojave,soldier"
barton_thorn,"barton_thorn,common,goodsprings,human,hunter,mojave,survival,survivalist"
basura,"basura,common,dog,mojave,soldier"
battlegear_character,"battlegear_character,common,hoover_dam,human,mojave,soldier"
beast,"beast,common,firearms"
beatrix_russell,"beatrix_russell,common,followers_of_the_apocalypse,freeside,ghoul,history,mojave"
benny__benny,"benny,chairmen,common,human,leader,mojave,new_vegas,politics"
benny__vfortbenny,"benny,chairmen,common,human,leader,mojave,new_vegas"
benny__vfortbennycrucified,"benny,common,human,leader,mojave,new_vegas,technology"
bert_gunnarsson,"bert_gunnarsson,common,doctor,ghoul,medic,medicine,mojave,new_vegas_strip"
beru,"beru,common,human,mojave"
big_beard,"big_beard,common,firearms,freeside,human,mojave"
big_sal,"big_sal,common,human,mojave,new_vegas_strip"
bill_ronte,"bill_ronte,common,engineer,engineering,freeside,human,mojave"
bill_the_tax_collector,"bill_the_tax_collector,common,history,human"
billy_knight,"billy_knight,common,human,mojave,new_vegas"
biological_research_station,"big_mt,biological_research_station,biology,common,mojave,xenotechnology"
blade,"blade,common,ghoul,technology"
blake,"blake,common,human,merchant,mojave,new_vegas,trade,traveler"
blind_diode_jefferson,"big_mt,blind_diode_jefferson,common,mojave"
blister,"blister,common,ghoul,hunter,leader,mojave,ncr,survival,survivalist"
bodyguard,"bodyguard,common,freeside,human,mojave,soldier,survival,survivalist"
bodyguard_for_hire,"bodyguard_for_hire,common,freeside,human,mojave,soldier"
bonegnash,"bonegnash,common,dog,soldier"
bonesaw,"bonesaw,common"
book_chute,"big_mt,book_chute,common,mojave"
boomer_chef,"boomer_chef,common,human,mojave,nellis_air_force_base"
boomer_guard,"boomer_guard,common,firearms,human,mojave,nellis_air_force_base,soldier"
boomer_munitions_manager,"boomer_munitions_manager,boomers,common,explosives,merchant,mojave,nellis_air_force_base"
boomer_teacher,"boomer_teacher,common,history,human,mojave,nellis_air_force_base"
boulder_city_worker,"boulder_city_worker,common,human,mojave,ncr"
bounty_hunter,"bounty_hunter,common,human,hunter,merchant,mojave,primm,survival,survivalist,trade,traveler"
boxcars,"boxcars,common,human,mojave,powder_gangers,survival,survivalist"
brotherhood_scout,"brotherhood_of_steel,brotherhood_scout,common,human,mojave,survival,survivalist"
bruce_isaac,"bruce_isaac,common,mojave,novac,survival,survivalist"
bryce_anders,"bryce_anders,camp_mccarran,common,fiends,human,mojave,ncr,survival,survivalist"
burned_body,"burned_body,common,human,mojave,survival,survivalist"
button_man,"button_man,common,human,soldier"
cachino,"cachino,capital_wasteland,common,human,underworld"
caesar,"caesar,caesars_legion,common,history,hoover_dam,human,leader,military,mojave,politics,soldier"
calamity,"calamity,common,ghoul,jacobstown,medic,medicine,merchant,mojave,trade"
caleb_mccaffery,"caleb_mccaffery,common,human,hunter,mojave,new_vegas"
cannibal_johnson,"cannibal_johnson,common,human,hunter,military,mojave,soldier,survival,survivalist"
canyon_runner,"canyon_runner,common,human,military,soldier"
captain_gilles,"captain_gilles,common,human,leader,military,mojave,ncr,soldier"
captain_parker,"captain_parker,common,human,leader,military,mojave,ncr,soldier"
captain_ronald_curtis,"camp_mccarran,captain_ronald_curtis,common,human,military,mojave,ncr,soldier"
caravaneer,"caravaneer,common,human,mojave,new_vegas,traveler"
card_dealer,"card_dealer,common,human,mojave,new_vegas"
carlitos_wayne,"carlitos_wayne,common,human,mojave,new_vegas_strip,survival,survivalist"
carlyle_st_clair_iii,"carlyle_st_clair_iii,common,human,merchant,mojave,new_vegas,survival,survivalist"
carter__ncrcfcarter,"carter,common,human,merchant,mojave,ncr,powder_gangers,trade"
carter__vault3prisoner04,"carter,common,human,mojave,survival,survivalist,trade,traveler"
casino_guard,"casino_guard,common,human,mojave,new_vegas,soldier"
cato_hostilius,"caesars_legion,cato_hostilius,common,hoover_dam,human,military,mojave,soldier"
centurion,"caesars_legion,centurion,common,hoover_dam,human,mojave"
chairman,"chairman,common,human,mojave,new_vegas"
chairman_bodyguard,"chairman_bodyguard,common,human,soldier"
chairman_greeter,"chairman_greeter,common,human,mojave,new_vegas,soldier"
chauncey,"chauncey,common,human,mojave,new_vegas,white_glove_society"
chavez,"chavez,common,human,leader,mojave,powder_gangers,survival,survivalist"
chem_addict,"chem_addict,common,survival,survivalist"
chet,"chet,common,goodsprings,human,mojave,trade"
cheyenne,"cheyenne,common,dog,goodsprings,mojave,soldier"
chief_hanlon,"chief_hanlon,common,explosives,hoover_dam,military,mojave,ncr,soldier,survival,survivalist"
chomps_lewis,"chomps_lewis,common,great_khans,human,mojave,ncr,new_vegas_strip"
chris_haversam,"chris_haversam,common,engineer,engineering,human"
christine_royce,"big_mt,christine_royce,common,mojave,survival,survivalist"
clanden,"clanden,common,explosives,human,mojave,new_vegas"
clayton_ettienne,"agriculture,clayton_ettienne,common,human,mojave,trade,westside"
cliff_briscoe,"cliff_briscoe,common,human,merchant,mojave,novac,traveler"
clinic_guard,"clinic_guard,common,human,medic,medicine,mojave,new_vegas,soldier"
colmillo,"colmillo,common,dog,soldier"
colonel_cassandra_moore,"colonel_cassandra_moore,common,hoover_dam,human,mojave,ncr,politics,raider"
colonel_james_hsu,"camp_mccarran,colonel_james_hsu,common,human,military,mojave,ncr,soldier"
comm_officer_castillo,"comm_officer_castillo,common,human,mojave,ncr"
comm_officer_green,"comm_officer_green,common,human,mojave,ncr"
comm_officer_lenk,"comm_officer_lenk,common,hoover_dam,human,military,mojave,ncr,soldier"
comm_officer_scheffer,"comm_officer_scheffer,common,human,military,mojave,ncr,soldier"
comm_officer_stepinac,"comm_officer_stepinac,common,human,military,mojave,ncr,soldier"
comm_officer_tilden,"comm_officer_tilden,common,human,mojave,ncr"
construction_drone_foreman,"big_mt,common,construction_drone_foreman,mojave,robot,robotics"
convict,"common,convict,human,mojave,ncr,powder_gangers,primm,raider,survival,survivalist"
cook-cook,"common,cook_cook,human,leader,mojave,westside"
corporal_betsy,"camp_mccarran,common,corporal_betsy,human,mojave,ncr"
corporal_sterling,"camp_mccarran,common,corporal_sterling,mojave,ncr,survival,survivalist"
corporal_walter_hornsby,"camp_mccarran,common,corporal_walter_hornsby,firearms,human,military,mojave,ncr,soldier"
corporal_william_farber,"camp_mccarran,common,corporal_william_farber,human,mojave,ncr"
craig_boone,"common,craig_boone,human,military,mojave,ncr,novac,soldier,survival,survivalist"
crandon,"common,crandon,leader,mojave,new_vegas,survival,survivalist"
crazed_chem_addict,"common,crazed_chem_addict,human,trade"
crimson_caravan_guard,"common,crimson_caravan_guard,firearms,human,mojave,new_vegas,soldier,traveler"
crimson_caravan_trader,"camp_mccarran,common,crimson_caravan_trader,human,mojave,survival,survivalist,trade,traveler"
crucified_slave,"caesars_legion,common,crucified_slave,human,mojave"
crucified_trooper,"common,crucified_trooper,human,mojave,ncr"
crusoe,"common,crusoe,human,mojave,white_glove_society"
cursor_lucullus__nvcclucullus,"caesars_legion,common,cursor_lucullus,human,mojave,traveler"
cursor_lucullus__nvcclucullus_90,"caesars_legion,common,cursor_lucullus,human,mojave,traveler"
daisy_whitman,"common,daisy_whitman,engineer,engineering,human,mojave,novac"
dale_barton,"caesars_legion,common,dale_barton,human,merchant,mojave,traveler"
dancing_flame,"common,dancing_flame,human,soldier,tribal"
daniel__nvdlc02daniel,"common,daniel,human,leader,medic,medicine,mojave,survival,survivalist,tribal,zion"
daniel__v03fiendjailer,"common,daniel,fiends,human,mojave"
daniel_wyand,"common,daniel_wyand,human,mojave,new_vegas,traveler"
davey_crenshaw,"camp_mccarran,common,davey_crenshaw,human,mojave,ncr,soldier"
davison,"common,davison,jacobstown,leader,mojave,nightkin"
dawes,"common,dawes,explosives,human,mojave,ncr,powder_gangers,soldier"
dazzle,"common,dazzle,human,mojave,new_vegas"
dead_boomer,"common,dead_boomer,explosives,human,mojave,nellis_air_force_base"
dead_mercenary,"common,dead_mercenary,firearms,human,mojave,survival,survivalist"
dead_prospector,"common,dead_prospector,firearms,human,mojave,survival,survivalist"
dead_sea,"common,dead_sea,human,leader"
dean_domino,"common,dean_domino,ghoul,mojave,sierra_madre,survival,survivalist"
decanus_severus,"common,decanus_severus,human"
dennis,"common,dennis,fiends,ghoul,mojave,survival,survivalist,trade,traveler"
deputy_beagle,"common,deputy_beagle,human,mojave,primm"
dermot,"common,dermot,human,mojave,westside"
destitute_traveler,"common,destitute_traveler,human,mojave,ncr,new_vegas,survival,survivalist,trade"
devin,"common,devin,mojave,ncr,new_vegas,soldier"
diane,"common,diane,great_khans,human,mojave,politics,red_rock_canyon,tribal"
disguised_frumentarius,"common,disguised_frumentarius,human,mojave"
disguised_hooker,"common,disguised_hooker,human,mojave,new_vegas_strip,survival,survivalist"
dixon,"common,dixon,freeside,human,mojave,survival,survivalist"
dixon+s_thug,"common,dixon_s_thug,firearms,freeside,human,mojave,soldier,survival,survivalist"
doc_mitchell,"common,doc_mitchell,doctor,goodsprings,human,medic,medicine,mojave"
doc_sawbones,"common,doc_sawbones,doctor,human,medic,medicine,military,mojave,ncr,soldier"
doctor_0,"big_mt,common,doctor_0,engineer,engineering,human,mojave,researcher,robotics,technology"
doctor_8,"big_mt,common,doctor_8,engineer,engineering,mojave,researcher"
doctor_alex_richards,"common,doctor_alex_richards,hoover_dam,human,medic,medicine,mojave,ncr"
doctor_alvarez,"common,doctor_alvarez,followers_of_the_apocalypse,human,mojave,scientist"
doctor_borous,"big_mt,common,doctor_borous,engineer,engineering,mojave,researcher,technology"
doctor_dala,"big_mt,common,doctor_dala,human,medic,medicine,mojave,researcher"
doctor_henry,"common,doctor_henry,human,jacobstown,medic,medicine,mojave,scientist"
doctor_kemp,"camp_mccarran,common,doctor_kemp,human,medic,medicine,mojave,ncr"
doctor_klein,"big_mt,common,doctor_klein,leader,mojave,researcher,robot,technology"
doctor_luria,"common,doctor,doctor_luria,followers_of_the_apocalypse,human,medic,medicine,mojave,new_vegas"
doctor_mobius,"big_mt,common,doctor_mobius,mojave,robotics,scientist"
doctor_orderly_md_phd_dds,"big_mt,common,doctor_orderly_md_phd_dds,medic,medicine,mojave,robot"
doctor_rotson,"agriculture,common,doctor,doctor_rotson,ghoul,medic,medicine,mojave,robotics"
doctor_usanagi,"common,doctor_usanagi,followers_of_the_apocalypse,human,medic,medicine,mojave,new_vegas"
dog_and_god__nvdlc01dog,"common,dog_and_god,explosives,mojave,nightkin,sierra_madre,survival,survivalist"
dog_and_god__nvdlc01god,"common,dog_and_god,explosives,mojave,nightkin,sierra_madre,survival,survivalist"
don_hostetler,"common,don_hostetler,great_khans,human,mojave,new_vegas,trade,traveler"
donald_kowalski,"common,donald_kowalski,hoover_dam,human,mojave,ncr"
dr_ada_straus,"common,doctor,dr_ada_straus,human,medic,medicine,merchant,mojave,novac,trade"
dr_calis,"big_mt,biology,common,dr_calis,ghoul,mojave,scientist"
drill_sergeant,"camp_mccarran,common,drill_sergeant,human,leader,military,mojave,ncr,soldier"
driver_nephi,"common,driver_nephi,human,leader,mojave,ncr,westside"
drunk,"common,drunk,freeside,human,mojave,trade"
duke__1eduke,"common,duke,human,leader"
dusty_mcbride,"common,dusty_mcbride,firearms,human,mojave,novac,survival,survivalist"
easy_pete,"common,easy_pete,explosives,goodsprings,human,mojave"
ed-e__nvcompanionede,"common,ed_e,mojave,primm,robot,traveler"
ed-e__nvdlc04ede,"common,ed_e,mojave,robot"
eddie,"common,eddie,explosives,human,leader,mojave,ncr,powder_gangers,traveler"
elder_nolan_mcnamara,"brotherhood_of_steel,common,elder_nolan_mcnamara,hidden_valley,human,leader,military,mojave,soldier"
emily_ortal,"common,emily_ortal,followers_of_the_apocalypse,human,medic,medicine,mojave,new_vegas"
engineer_allison_valentine,"common,engineer,engineer_allison_valentine,engineering,hoover_dam,human,mojave,ncr"
escaped_convict,"common,escaped_convict,human,mojave,ncr,powder_gangers,primm,raider,survival,survivalist"
escaped_convict_leader,"common,escaped_convict_leader,human,leader,mojave,primm"
esteban_morales,"camp_mccarran,common,esteban_morales,human,mojave,ncr"
ethel_phebus,"common,ethel_phebus,human,mojave,new_vegas_strip,survival,survivalist"
ezekiel,"common,ezekiel,followers_of_the_apocalypse,history,human,mojave,survival,survivalist,tribal"
fairbanks,"brotherhood_of_steel,common,fairbanks,hidden_valley,human,mojave"
fantastic,"common,engineer,engineering,fantastic,human,mojave,ncr"
farris,"common,farris,freeside,human,mojave,ncr,survival,survivalist"
father_elijah,"brotherhood_of_steel,common,engineer,engineering,father_elijah,hunter,mojave,sierra_madre,technology"
festus,"common,festus,robot"
fiel,"common,dog,fiel,mojave,soldier"
fiend_boss_vault_3,"common,fiend_boss_vault_3,human,soldier"
fiend_corpse,"common,fiend_corpse,human,raider"
first_sergeant_astor,"common,first_sergeant_astor,leader,military,mojave,ncr,soldier,survival,survivalist"
fisto,"common,fisto,freeside,mojave,robot,robotics"
fitz,"camp_mccarran,common,fitz,human,merchant,mojave"
followers_doctor,"common,followers_doctor,followers_of_the_apocalypse,human,medic,medicine,mojave,researcher"
followers_guard,"common,doctor,followers_guard,followers_of_the_apocalypse,human,mojave,soldier"
followers_medical_student,"common,followers_medical_student,followers_of_the_apocalypse,human,medic,medicine,mojave,new_vegas"
follows-chalk,"common,follows_chalk,human,mojave,survival,survivalist,tribal,zion"
francine_garret,"common,francine_garret,freeside,human,merchant,mojave"
frank_weathers,"agriculture,common,frank_weathers,human,mojave,new_vegas"
freeside_thug,"common,freeside,freeside_thug,human,mojave,survival,survivalist"
frumentarii,"caesars_legion,common,frumentarii,human,mojave"
gabban,"caesars_legion,common,gabban,human,mojave,survival,survivalist"
gabe,"big_mt,common,doctor,gabe,mojave"
gaius_magnus,"caesars_legion,common,gaius_magnus,leader,military,mojave,soldier,survival,survivalist"
gambler,"common,gambler,human,mojave,new_vegas"
genaro,"common,freeside,genaro,human,mojave,survival,survivalist"
general_lee_oliver,"common,general_lee_oliver,hoover_dam,human,military,mojave,ncr,politics,soldier"
george,"boomers,common,george,mojave,nellis_air_force_base,survival,survivalist"
ghashbone,"common,dog,ghashbone,soldier"
ghost_of_she,"common,ghost_of_she,mojave,soldier,zion"
gloria_van_graff,"common,energy_weapons,freeside,gloria_van_graff,human,mojave,politics,trade,traveler"
gomez,"common,gomez,human,mojave,ncr,survival,survivalist"
gomorrah_bartender,"common,gomorrah_bartender,mojave,new_vegas"
gomorrah_cash_room_guard,"common,firearms,gomorrah_cash_room_guard,human,mojave,new_vegas_strip,soldier"
gomorrah_cashier,"common,gomorrah_cashier,human,mojave,new_vegas"
gomorrah_dealer,"common,gomorrah_dealer,human,mojave,new_vegas"
gomorrah_entrance_guard,"common,gomorrah_entrance_guard,human,mojave,new_vegas_strip,soldier"
gomorrah_floor_manager,"common,gomorrah_floor_manager,human,mojave,new_vegas_strip"
gomorrah_prostitute,"common,gomorrah_prostitute,mojave,new_vegas,survival,survivalist"
gomorrah_receptionist,"common,gomorrah_receptionist,human,mojave,new_vegas,politics"
goodsprings_settler,"common,goodsprings,goodsprings_settler,human,mojave,survival,survivalist"
gourd,"common,gourd,human,mojave,survival,survivalist"
gourmand_food_supplier,"common,gourmand_food_supplier,human,mojave,new_vegas_strip"
greaser_character,"common,greaser_character,human,mojave,new_vegas"
greasy_johnny,"common,greasy_johnny,human,leader,mojave,new_vegas"
great_khan_armorer,"common,firearms,great_khan_armorer,great_khans,human,merchant,mojave,red_rock_canyon,tribal"
great_khan_character,"common,great_khan_character,great_khans,human,mojave,raider,red_rock_canyon,survival,survivalist,tribal"
great_khan_warrior,"caesars_legion,common,firearms,great_khan_warrior,great_khans,hoover_dam,human,mojave,survival,survivalist,tribal"
grecks,"common,freeside,ghoul,grecks,mojave"
gun_runner_guard,"common,firearms,gun_runner_guard,human,mojave,soldier"
gun_runner_gunsmith,"common,firearms,gun_runner_gunsmith,gunsmith,mojave,soldier"
gunderson_hired_hand,"common,firearms,gunderson_hired_hand,human,soldier"
hadrian,"common,ghoul,hadrian"
hannigan,"common,doctor,hannigan,human,medic,medicine,mojave,ncr,powder_gangers,survival,survivalist,trade"
harland,"common,ghoul,harland,survival,survivalist"
harry,"common,harry,human,mojave,ncr"
hawkins,"common,hawkins,human,mojave,powder_gangers,survival,survivalist"
head_paladin_hardin,"common,head_paladin_hardin,hidden_valley,human,leader,military,mojave,soldier"
head_scribe_lars_taggart,"brotherhood_of_steel,common,head_scribe_lars_taggart,hidden_valley,human,mojave,scientist,survival,survivalist"
head_waiter,"common,head_waiter,human,mojave,white_glove_society"
heck_gunderson,"common,heck_gunderson,human,politics"
hector,"common,hector,human,mojave,traveler,westside"
henry_jamison,"common,henry_jamison,human,mojave,new_vegas,traveler"
hooker,"common,hooker,human,mojave,new_vegas"
horowitz,"common,horowitz,human,leader,survival,survivalist"
hughes,"brotherhood_of_steel,common,hidden_valley,hughes,human,mojave"
ignacio_rivas,"common,followers_of_the_apocalypse,human,ignacio_rivas,mojave,scientist,technology"
ike,"common,hoover_dam,human,ike,mojave"
initiate__fnv_category_fallout_new_vegas_human_characters,"brotherhood_of_steel,common,energy_weapons,firearms,hidden_valley,initiate,mojave"
initiate_stanton,"brotherhood_of_steel,common,energy_weapons,hidden_valley,human,initiate_stanton,mojave"
injured_trooper,"common,human,injured_trooper,military,mojave,ncr,soldier"
irate_ida,"common,freeside,human,irate_ida,mojave"
ironbelly,"big_mt,common,ironbelly,mojave,robot,soldier"
isaac,"common,firearms,human,isaac,mojave,traveler"
jack__nellisjack,"common,human,jack,mojave,nellis_air_force_base"
jack__vrrcjack,"chemistry,common,great_khans,human,jack,leader,mojave,tribal"
jackal_gang_leader,"common,explosives,human,jackal_gang_leader,leader,mojave,raider,survival,survivalist"
jackal_gang_leader_nhps,"common,human,jackal_gang_leader_nhps,leader,raider"
jackal_gang_leader_nipton_road_pit_stop,"common,human,jackal_gang_leader_nipton_road_pit_stop,leader,raider"
jackal_gang_leader_prospector+s_den,"common,jackal_gang_leader_prospector_s_den,leader,raider"
jackal_gang_member,"common,firearms,human,jackal_gang_member,mojave,raider,survival,survivalist,tribal"
jacklyn,"common,human,hunter,jacklyn,mojave,survival,survivalist"
jackson_dead,"camp_mccarran,common,human,jackson_dead,mojave,ncr,survival,survivalist"
jackson_kreger,"common,explosives,hoover_dam,human,jackson_kreger,military,mojave,ncr,soldier"
jacob,"common,energy_weapons,freeside,human,jacob,mojave,soldier"
jacob_hoff,"chemistry,common,freeside,human,jacob_hoff,medic,medicine,mojave"
james_garret,"common,freeside,human,james_garret,mojave"
jane,"common,jane,mojave,new_vegas_strip,robot"
janet,"common,human,janet,mojave,nellis_air_force_base,traveler"
jas_wilkins,"common,firearms,human,jas_wilkins,merchant,mojave,new_vegas,trade"
jason_bright,"common,jason_bright,leader,survival,survivalist"
jay_barnes,"common,human,jay_barnes,mojave,new_vegas,white_glove_society"
jean-baptiste_cutting,"common,energy_weapons,freeside,human,jean_baptiste_cutting,mojave"
jeannie_may_crawford,"common,human,jeannie_may_crawford,mojave,novac"
jed_masterson,"common,human,jed_masterson,mojave,trade,traveler,zion"
jenny_millet,"common,human,jenny_millet"
jensen,"common,hoover_dam,human,jensen,mojave,ncr,soldier"
jerry_the_punk,"common,great_khans,human,jerry_the_punk,mojave,red_rock_canyon"
jessup,"common,goodsprings,great_khans,human,jessup,leader,mojave,survival,survivalist"
jimmy,"common,human,jimmy,mojave,survival,survivalist,westside"
joana,"common,freeside,human,joana,mojave"
joe_cobb,"common,explosives,goodsprings,joe_cobb,leader,mojave,powder_gangers"
johnny,"common,goodsprings,human,johnny,mojave,survival,survivalist"
johnson_nash,"common,human,johnson_nash,mojave,powder_gangers,primm,trade,traveler"
joshua_graham,"caesars_legion,common,firearms,joshua_graham,mojave,tribal,zion"
judah_kreger,"common,judah_kreger,leader,military,mojave,soldier,trade,westside"
jules,"common,human,jules,mojave,soldier,survival,survivalist,traveler"
julie_farkas,"common,followers_of_the_apocalypse,freeside,human,julie_farkas,medic,medicine,mojave"
karl__vrrckarl,"common,great_khans,human,karl,mojave,red_rock_canyon,tribal"
kate,"common,human,kate,mojave,new_vegas,survival,survivalist"
keely,"common,ghoul,keely,mojave,researcher,survival,survivalist"
keene,"common,jacobstown,keene,leader,mojave,nightkin"
keith,"common,human,keith,traveler"
keller,"common,human,keller,mojave,ncr,traveler,westside"
kenny_weathers,"common,human,kenny_weathers,mojave,survival,survivalist"
king_groupie,"common,freeside,human,king_groupie,mojave"
kings_gang_member,"common,freeside,human,kings_gang_member,mojave"
klamath_bob,"common,klamath_bob,merchant,mojave,soldier,trade,westside"
knight_hidden_valley,"brotherhood_of_steel,common,engineer,engineering,hidden_valley,human,knight_hidden_valley,mojave"
knight_torres,"brotherhood_of_steel,common,hidden_valley,human,knight_torres,mojave"
lacey,"common,human,lacey,merchant,mojave,ncr,new_vegas,trade,traveler"
lady_jane,"common,freeside,human,lady_jane,mojave,ncr,survival,survivalist,trade,traveler"
lander,"brotherhood_of_steel,common,human,lander,mojave,technology"
layla,"common,human,layla,leader,military,mojave,ncr,primm,soldier,survival,survivalist"
lee,"common,explosives,human,leader,lee,mojave,ncr,powder_gangers"
legate_lanius,"caesars_legion,common,hoover_dam,human,leader,legate_lanius,military,mojave,soldier,tribal"
legion_child,"caesars_legion,common,human,legion_child,mojave"
legion_explorer,"caesars_legion,common,human,legion_explorer,mojave"
legion_vexillarius,"caesars_legion,common,human,legion_vexillarius,mojave"
legionary_assassin,"caesars_legion,common,human,legionary_assassin,mojave"
legionary_blacksmith,"caesars_legion,common,human,legionary_blacksmith,mojave"
legionary_instructor,"caesars_legion,common,human,legionary_instructor,military,mojave,soldier"
legionary_main_gate_guard,"common,human,legionary_main_gate_guard,soldier"
lieutenant_carrie_boyd,"camp_mccarran,common,human,lieutenant_carrie_boyd,military,mojave,ncr,soldier"
lieutenant_gorobets,"camp_mccarran,common,fiends,human,leader,lieutenant_gorobets,mojave,ncr,survival,survivalist"
lieutenant_haggerty,"common,hoover_dam,human,lieutenant_haggerty,military,mojave,ncr,soldier"
lieutenant_hayes,"common,human,lieutenant_hayes,military,mojave,ncr,primm,soldier"
lieutenant_markland,"common,human,lieutenant_markland,medic,medicine,mojave,ncr"
lieutenant_monroe,"common,human,lieutenant_monroe,mojave,ncr,novac"
lieutenant_romanowski,"common,human,leader,lieutenant_romanowski,military,mojave,ncr,soldier"
light_switch_01,"big_mt,common,light_switch_01,mojave"
light_switch_02,"big_mt,common,light_switch_02,mojave"
lily_bowen,"common,jacobstown,lily_bowen,mojave,nightkin"
lindsay,"common,human,lindsay,mojave,nellis_air_force_base"
little_beard,"common,firearms,freeside,human,little_beard,mojave"
little_buster__1elittlebuster,"camp_mccarran,common,human,hunter,little_buster,mojave,soldier,traveler"
little_buster__littlebusterdead,"camp_mccarran,common,human,hunter,little_buster,mojave,soldier,traveler"
liza_o+malley,"common,human,liza_o_malley,mojave,ncr,new_vegas"
local,"common,freeside,human,local,mojave"
logan,"common,human,logan,survival,survivalist,traveler"
loyal,"common,human,loyal,mojave,nellis_air_force_base"
lucius,"common,lucius,soldier"
lupa__fortlupa,"common,dog,lupa,mojave,survival,survivalist"
lupa__fortlupagladiator,"common,dog,lupa"
lupe,"common,human,lupe,mojave"
mags,"common,human,leader,mags,military,mojave,ncr,soldier"
major_dhatri,"camp_mccarran,common,leader,major_dhatri,military,mojave,ncr,soldier"
major_elizabeth_kieran,"common,freeside,human,major_elizabeth_kieran,military,mojave,ncr,soldier"
major_joseph_polatli,"common,hoover_dam,human,leader,major_joseph_polatli,military,mojave,ncr,soldier"
major_knight,"common,human,major_knight,mojave,ncr,primm"
malcolm_holmes,"common,human,malcolm_holmes,mojave,survival,survivalist,trade"
malefic_maud,"common,freeside,leader,malefic_maud,mojave,survival,survivalist"
man,"common,explosives,freeside,human,man,mojave"
manny_vargas,"common,great_khans,human,leader,manny_vargas,military,mojave,novac,soldier"
marco__westsidemarco,"common,human,marco,mojave,westside"
marcus,"common,jacobstown,leader,marcus,mojave,super_mutant,survival,survivalist"
marie_pappas,"common,human,leader,marie_pappas,military,mojave,ncr,new_vegas,soldier"
marjorie,"common,human,leader,marjorie,mojave,new_vegas_strip,politics,white_glove_society"
martina_groesbeck,"common,human,martina_groesbeck,mojave,new_vegas"
matiz,"brotherhood_of_steel,common,human,matiz,mojave,technology"
maude,"common,human,maude,mojave,westside"
max,"common,freeside,human,max,mojave,survival,survivalist"
mcmurphy,"common,goodsprings,great_khans,human,leader,mcmurphy,mojave"
mean_sonofabitch,"common,mean_sonofabitch,mojave,super_mutant,westside"
melissa,"common,great_khans,human,leader,melissa,mojave,survival,survivalist"
melody,"common,melody,mojave"
mercenary__fnv_category_fallout_new_vegas_human_characters,"common,firearms,human,mercenary,mojave,survival,survivalist,traveler"
meyers,"common,human,meyers,mojave,survival,survivalist"
michael_angelo,"common,human,michael_angelo,mojave,new_vegas"
michelle_kerr,"common,human,merchant,michelle_kerr,mojave,primm,survival,survivalist"
mick,"common,explosives,freeside,human,medic,medicine,merchant,mick,mojave"
mick__ralph+s_crier,"common,freeside,mick,mojave,survival,survivalist"
miguel,"common,fiends,human,merchant,miguel,mojave,westside"
mike_lawson,"common,engineer,engineering,hoover_dam,mike_lawson,mojave,ncr"
milo__nvnelsonrangermilo,"common,human,leader,milo,mojave,ncr,survival,survivalist"
mini_boomer,"common,mini_boomer,mojave,nellis_air_force_base,survival,survivalist"
miss_fortune_character,"common,explosives,human,miss_fortune_character,soldier"
missionary,"common,freeside,human,missionary,mojave,ncr"
mister_holdout,"common,human,mister_holdout,mojave,new_vegas_strip,trade"
moe,"common,human,leader,moe"
morgan_blake,"common,human,mojave,morgan_blake,ncr,survival,survivalist"
mortimer,"common,human,leader,mojave,mortimer,white_glove_society"
motor-runner,"common,fiends,human,leader,mojave,motor_runner,survival,survivalist,trade"
mr_house,"common,engineer,engineering,human,leader,mojave,mr_house,new_vegas,politics,robotics,technology,tribal"
mr_new_vegas,"common,mojave,mr_new_vegas,new_vegas"
mr_radical,"common,human,mojave,mr_radical,survival,survivalist"
mr_soren,"common,freeside,human,mojave,mr_soren"
mrs_hostetler,"common,human,mojave,mrs_hostetler,new_vegas"
mrs_mcbain,"common,human,mojave,mrs_mcbain,primm,survival,survivalist"
mrs_weathers,"common,human,mojave,mrs_weathers,survival,survivalist"
muggy,"big_mt,common,mojave,muggy,robot,robotics"
mysterious_stranger_character,"common,mojave,mysterious_stranger_character,soldier"
ncr_engineer,"common,engineer,engineering,hoover_dam,military,mojave,ncr,ncr_engineer,soldier"
ncr_heavy_trooper,"common,hoover_dam,mojave,ncr,ncr_heavy_trooper"
ncr_military_police,"common,human,military,mojave,ncr,ncr_military_police,new_vegas,soldier"
ncr_prospector,"common,firearms,human,mojave,ncr_prospector,survival,survivalist"
ncr_ranger,"common,human,leader,mojave,ncr,ncr_ranger,soldier,survival,survivalist"
ncr_ranger_hit_squad,"common,human,mojave,ncr,ncr_ranger_hit_squad,survival,survivalist"
ncr_ranger_veteran_commander,"common,hoover_dam,human,leader,military,mojave,ncr,ncr_ranger_veteran_commander,soldier,survival,survivalist"
ncr_recruit,"camp_mccarran,common,firearms,human,military,mojave,ncr,ncr_recruit,soldier"
ncr_sergeant,"common,human,leader,mojave,ncr,ncr_sergeant"
ncr_trooper,"common,hoover_dam,human,medic,medicine,mojave,ncr,ncr_trooper,soldier,survival,survivalist"
ncr_veteran_ranger,"common,human,mojave,ncr,ncr_veteran_ranger,survival,survivalist"
neil,"common,history,jacobstown,mojave,neil,super_mutant,survival,survivalist"
nero,"common,human,mojave,nero,new_vegas,survival,survivalist"
new_vegas_citizen,"common,human,hunter,mojave,ncr,new_vegas,new_vegas_citizen,survival,survivalist"
new_vegas_resident,"common,human,mojave,new_vegas_resident,new_vegas_strip,survival,survivalist"
no-bark_noonan,"common,human,mojave,no_bark_noonan,novac,scientist,traveler"
north_vegas_resident,"common,human,mojave,new_vegas_strip,north_vegas_resident,survival,survivalist"
norton,"common,human,jacobstown,mojave,norton"
novac_settler,"common,human,mojave,novac,novac_settler,survival,survivalist,trade"
number_27,"big_mt,common,ghoul,mojave,number_27,survival,survivalist"
number_34,"big_mt,common,ghoul,mojave,number_34,survival,survivalist"
o+hanrahan,"common,human,mojave,ncr,o_hanrahan"
old_ben,"common,freeside,history,mojave,old_ben,survival,survivalist"
old_lady_gibson,"common,human,merchant,mojave,novac,old_lady_gibson"
oliver_swanick,"common,human,mojave,oliver_swanick,powder_gangers,survival,survivalist"
omerta_thug,"common,human,mojave,new_vegas,omerta_thug,soldier"
orion_moreno,"common,human,military,mojave,new_vegas,orion_moreno,soldier,survival,survivalist"
orris,"common,freeside,human,mojave,orris,soldier"
oscar_velasco,"common,great_khans,human,mojave,ncr,oscar_velasco,raider,red_rock_canyon,survival,survivalist"
otho,"caesars_legion,common,human,leader,mojave,otho"
owen,"common,human,owen"
pablo_miller,"common,human,mojave,pablo_miller,survival,survivalist"
pacer,"common,freeside,human,mojave,pacer,survival,survivalist,the_kings"
paladin__fnv_category_fallout_new_vegas_human_characters,"brotherhood_of_steel,common,energy_weapons,hidden_valley,human,mojave,paladin"
paladin_ramos,"brotherhood_of_steel,common,hidden_valley,human,mojave,paladin_ramos,survival,survivalist"
paladin_sato,"brotherhood_of_steel,common,human,mojave,paladin_sato"
papa_khan,"common,great_khans,history,leader,military,mojave,new_vegas,papa_khan,soldier,tribal"
pauline_wins,"common,firearms,human,mojave,new_vegas,pauline_wins"
pearl,"boomers,common,firearms,history,human,leader,mojave,nellis_air_force_base,pearl,survival,survivalist"
pete,"boomers,common,historian,history,human,mojave,nellis_air_force_base,pete"
philip_lem,"common,human,leader,mojave,ncr,philip_lem,powder_gangers"
philippe,"common,human,philippe"
piers_isley,"common,human,piers_isley,politics"
poindexter,"common,human,mojave,ncr,poindexter"
powder_ganger,"common,firearms,human,mojave,ncr,powder_gangers"
powder_ganger_bodyguard,"common,firearms,human,leader,mojave,ncr,powder_ganger_bodyguard,powder_gangers,soldier"
powder_ganger_deputy,"common,explosives,human,mojave,powder_ganger_deputy,powder_gangers,primm,survival,survivalist"
praetorian_guard,"caesars_legion,common,firearms,human,mojave,praetorian_guard,soldier"
president_aaron_kimball,"common,hoover_dam,human,leader,military,mojave,ncr,politics,president_aaron_kimball,soldier"
pretty_sarah,"common,human,mojave,pretty_sarah,survival,survivalist,westside"
prime_decanus,"caesars_legion,common,firearms,human,leader,mojave,prime_decanus"
prime_legionary,"caesars_legion,common,hoover_dam,human,mojave,prime_legionary,soldier"
primm_resident,"common,mojave,primm,primm_resident,survival,survivalist"
primm_slim,"common,history,mojave,primm,primm_slim,robot,robotics"
private_ackerman,"common,great_khans,human,mojave,ncr,novac,private_ackerman,survival,survivalist"
private_christina_morales,"camp_mccarran,common,human,military,mojave,ncr,private_christina_morales,soldier"
private_gilbert,"common,great_khans,human,military,mojave,ncr,novac,private_gilbert,soldier"
private_halford,"camp_mccarran,common,human,military,mojave,ncr,private_halford,soldier,survival,survivalist"
private_jake_erwin,"common,human,military,mojave,ncr,new_vegas,private_jake_erwin,soldier,traveler"
private_james_sexton,"common,human,mojave,ncr,private_james_sexton"
private_jeremy_watson,"common,hoover_dam,human,mojave,ncr,private_jeremy_watson,survival,survivalist"
private_kowalski,"camp_mccarran,common,human,military,mojave,ncr,private_kowalski,soldier,traveler"
private_kyle_edwards__campsearchlight_pvtedwards,"common,ghoul,mojave,ncr,private_kyle_edwards,soldier,survival,survivalist"
private_kyle_edwards__campsearchlight_pvtedwards_317,"common,human,military,mojave,ncr,private_kyle_edwards,soldier,survival,survivalist"
private_ortega,"common,firearms,human,mojave,ncr,new_vegas,private_ortega"
private_renolds,"common,human,mojave,ncr,private_renolds,survival,survivalist"
private_stone,"common,human,medic,medicine,mojave,ncr,private_stone,survival,survivalist"
private_tyrone,"common,great_khans,human,military,mojave,ncr,primm,private_tyrone,soldier"
prospector,"common,firearms,human,mojave,prospector,survival,survivalist"
prospector_merchant,"common,human,merchant,mojave,prospector_merchant,survival,survivalist"
quarry_worker,"common,human,mojave,new_vegas,quarry_worker,survival,survivalist"
quartermaster_bardon,"common,hoover_dam,human,military,mojave,ncr,quartermaster_bardon,soldier,trade"
quartermaster_mayes,"common,military,mojave,ncr,quartermaster_mayes,soldier,traveler"
quincy,"common,human,mojave,ncr,quincy,survival,survivalist"
rachael__vault3prisoner02,"common,human,mojave,rachael,trade,traveler"
rad_pack_dancer,"common,human,mojave,new_vegas_strip,rad_pack_dancer"
raider__deadraider1meleecf,"common,human,mojave,novac,raider,survival,survivalist"
ralph__vfsralph,"common,freeside,human,merchant,mojave,ralph,trade"
rancorous_ruth,"common,freeside,mojave,rancorous_ruth,survival,survivalist"
randall_clark,"common,human,mojave,randall_clark,soldier,survival,survivalist,zion"
ranger_andy,"common,human,mojave,ncr,novac,ranger_andy"
ranger_dobson,"common,hidden_valley,human,mojave,ncr,powder_gangers,raider,ranger_dobson,survival,survivalist"
ranger_erasmus,"common,human,leader,military,mojave,ncr,ranger_erasmus,soldier,survival,survivalist"
ranger_ericsen,"common,human,leader,mojave,ncr,ranger_ericsen"
ranger_ghost,"common,human,mojave,ncr,ranger_ghost"
ranger_grant,"common,hoover_dam,leader,mojave,ncr,ranger_grant"
ranger_jackson,"common,human,leader,mojave,ncr,ranger_jackson"
ranger_kudlow,"common,firearms,great_khans,human,leader,military,mojave,ncr,ranger_kudlow,red_rock_canyon,soldier"
ranger_pason,"common,human,military,mojave,ncr,ranger_pason,soldier"
ranger_rebecca_lineholm,"common,human,leader,mojave,ncr,ranger_rebecca_lineholm,survival,survivalist"
ranger_stella,"caesars_legion,common,human,mojave,ncr,ranger_stella,survival,survivalist"
ranger_stevens,"common,hoover_dam,human,mojave,ncr,ranger_stevens"
raquel,"boomers,common,human,mojave,nellis_air_force_base,raquel"
raseleanne,"brotherhood_of_steel,common,human,military,mojave,nellis_air_force_base,raseleanne,soldier"
raul_tejada,"common,firearms,ghoul,raul_tejada,survival,survivalist"
razz,"common,human,mojave,ncr,razz,red_rock_canyon,survival,survivalist"
recruit_decanus,"caesars_legion,common,human,leader,mojave,recruit_decanus"
recruit_legionary,"caesars_legion,common,human,mojave,recruit_legionary,survival,survivalist"
red_lucy,"common,human,medic,medicine,mojave,red_lucy,westside"
refugee,"common,human,mojave,ncr,new_vegas,refugee"
regis,"common,great_khans,human,mojave,politics,red_rock_canyon,regis"
reina,"common,dog,mojave,reina,soldier"
rex,"common,freeside,mojave,rex,soldier"
rey,"common,dog,mojave,rey,soldier"
rhonda,"common,rhonda,robot"
rick_lancer,"common,human,mojave,new_vegas,rick_lancer,survival,survivalist,trade,traveler"
ricky,"common,human,mojave,ricky,survival,survivalist,traveler,zion"
ringo__gsringo,"common,goodsprings,human,mojave,powder_gangers,ringo,trade,traveler"
ringo__gsringo_155,"common,firearms,goodsprings,human,mojave,powder_gangers,ringo,survival,survivalist,trade,traveler"
roger_westin_iii,"common,firearms,hoover_dam,human,military,mojave,ncr,roger_westin_iii,soldier"
roller,"common,human,leader,mojave,new_vegas,roller"
ron_the_narrator,"common,history,human,mojave,new_vegas,ron_the_narrator"
rose_fallout_2,"common,human,rose_fallout_2"
rose_of_sharon_cassidy,"common,human,merchant,mojave,rose_of_sharon_cassidy,survival,survivalist,trade,traveler"
rotface,"common,freeside,ghoul,mojave,rotface,survival,survivalist"
roulette_dealer,"common,human,mojave,new_vegas,roulette_dealer"
roxie,"big_mt,common,mojave,robot,roxie,soldier"
roy,"common,freeside,human,mojave,roy,survival,survivalist"
roy_gottlieb,"common,human,leader,politics,roy_gottlieb"
royez,"common,military,mojave,ncr,new_vegas_strip,royez,soldier"
ruby_nash,"common,human,mojave,primm,ruby_nash"
ry-589_ultimo_bot,"big_mt,common,mojave,ry_589_ultimo_bot"
saint_james,"common,mojave,saint_james,westside"
salt-upon-wounds,"common,human,leader,mojave,salt_upon_wounds,tribal,zion"
sammy_weathers,"common,human,mojave,sammy_weathers,survival,survivalist"
sammy_wins,"common,human,mojave,new_vegas,sammy_wins"
samuel_cooke,"common,explosives,hoover_dam,human,leader,mojave,samuel_cooke"
samuel_kerr,"common,human,merchant,military,mojave,primm,samuel_kerr,soldier,survival,survivalist,trade"
santiago,"common,freeside,human,mojave,santiago"
sarah_weintraub,"common,human,mojave,new_vegas,sarah_weintraub"
schiller,"common,doctor,followers_of_the_apocalypse,human,medic,medicine,mojave,schiller"
scorpions_gang_member,"common,firearms,human,mojave,scorpions_gang_member,westside"
scrambler,"common,human,leader,mojave,ncr,powder_gangers,scrambler,soldier"
scribe__fnv_category_fallout_new_vegas_human_characters,"brotherhood_of_steel,chemistry,common,hidden_valley,mojave,researcher,scribe,technology"
scribe_ibsen,"brotherhood_of_steel,common,hidden_valley,human,mojave,scribe_ibsen"
senior_knight_lorenzo,"brotherhood_of_steel,common,hidden_valley,human,mojave,senior_knight_lorenzo,technology"
senior_scribe_schuler,"brotherhood_of_steel,common,hidden_valley,human,medic,medicine,mojave,senior_scribe_schuler,technology"
sergeant_andrews,"caesars_legion,common,human,military,mojave,ncr,sergeant_andrews,soldier,survival,survivalist"
sergeant_bitter-root,"camp_mccarran,common,great_khans,human,mojave,ncr,sergeant_bitter_root,survival,survivalist"
sergeant_cooper,"common,human,leader,mojave,ncr,sergeant_cooper"
sergeant_daniel_contreras,"camp_mccarran,common,human,mojave,ncr,sergeant_daniel_contreras"
sergeant_kilborn,"common,firearms,military,mojave,ncr,sergeant_kilborn,soldier,survival,survivalist"
sergeant_mccredie,"common,human,leader,mojave,ncr,sergeant_mccredie"
sergeant_mcgee,"common,human,leader,military,mojave,ncr,primm,sergeant_mcgee,soldier"
sergio,"common,freeside,human,mojave,sergio,the_kings"
shadis,"big_mt,common,mojave,shadis,soldier"
sharecropper,"common,human,mojave,ncr,sharecropper,survival,survivalist"
sheriff_mcbain,"common,firearms,human,mojave,primm,sheriff_mcbain,survival,survivalist"
silus,"caesars_legion,camp_mccarran,common,human,mojave,ncr,silus"
silver_rush_crier,"common,energy_weapons,freeside,human,mojave,silver_rush_crier"
simon,"common,energy_weapons,freeside,human,mojave,simon,soldier"
sink,"big_mt,common,mojave,sink"
sink_auto-doc,"big_mt,common,medic,medicine,mojave,sink_auto_doc"
sink_central_intelligence_unit,"big_mt,common,merchant,mojave,sink_central_intelligence_unit"
siri,"common,human,medic,medicine,merchant,siri"
slave__fnv_category_fallout_new_vegas_human_characters,"caesars_legion,common,human,mojave,slave,soldier"
snuffles,"common,mojave,snuffles"
sparks,"big_mt,common,mojave,robot,robotics,sparks"
squatter,"common,freeside,human,mojave,ncr,squatter,survival,survivalist"
squatter_bill,"common,human,squatter_bill,survival,survivalist"
stacey__vms49stacey,"common,freeside,human,mojave,stacey,survival,survivalist"
stella,"common,firearms,human,mojave,raider,soldier,stella,traveler,xenotechnology,zion"
strange_man,"caesars_legion,common,human,mojave,strange_man,survival,survivalist"
street_vendor,"common,human,merchant,mojave,new_vegas,street_vendor"
stripe,"big_mt,common,dog,mojave,soldier,stripe"
sunny_smiles,"common,goodsprings,human,hunter,mojave,soldier,sunny_smiles,survival,survivalist,wildlife"
super-ego,"big_mt,common,mojave,robot,robotics,soldier,super_ego"
swank,"chairmen,common,human,mojave,new_vegas_strip,swank"
sweetie,"common,human,mojave,sweetie,westside"
tabitha,"common,jacobstown,leader,mojave,nightkin,tabitha"
tapper,"common,freeside,human,merchant,mojave,soldier,tapper,the_kings"
tech_sergeant_reyes,"camp_mccarran,common,human,mojave,ncr,tech_sergeant_reyes"
ted__fnv_category_fallout_new_vegas_human_characters,"common,human,mojave,ncr,ted"
ted_gunderson,"common,firearms,human,mojave,new_vegas,survival,survivalist,ted_gunderson"
the_courier+s_brain,"big_mt,common,human,mojave,the_courier_s_brain,traveler"
the_custodian,"big_mt,common,mojave,robot,the_custodian"
the_forecaster,"common,human,mojave,new_vegas,survival,survivalist,the_forecaster"
the_king,"common,freeside,human,leader,mojave,the_king,the_kings"
the_lonesome_drifter,"common,human,mojave,survival,survivalist,the_lonesome_drifter"
the_tops_bartender,"common,human,mojave,the_tops_bartender"
the_tops_cashier,"common,human,mojave,new_vegas,the_tops_cashier"
the_tops_floor_manager,"common,human,the_tops_floor_manager"
thomas_hildern,"camp_mccarran,common,human,mojave,politics,thomas_hildern"
thorn_guard,"common,human,mojave,raider,soldier,thorn_guard,westside"
thug_north_vegas_square,"common,human,mojave,survival,survivalist,thug_north_vegas_square"
thug_primm,"common,human,military,mojave,ncr,primm,soldier,survival,survivalist,thug_primm"
toaster,"big_mt,common,mojave,toaster"
todd,"brotherhood_of_steel,common,hoover_dam,human,military,mojave,ncr,soldier,technology,todd"
tom_anderson,"agriculture,common,human,mojave,tom_anderson,westside"
tom_dooley,"common,freeside,human,merchant,mojave,tom_dooley"
tomas,"common,firearms,human,mojave,survival,survivalist,tomas"
tommy_torini,"chairmen,common,human,mojave,new_vegas,tommy_torini"
tops_promoter,"common,human,tops_promoter"
trash,"common,human,survival,survivalist,trash"
traveler,"common,human,mojave,ncr,new_vegas,survival,survivalist,traveler"
traveling_merchant,"common,human,merchant,mojave,survival,survivalist,traveling_merchant"
trent_bascom,"agriculture,common,human,mojave,ncr,survival,survivalist,trent_bascom"
troike,"common,firearms,human,mojave,new_vegas,troike"
trudy,"common,goodsprings,human,leader,mojave,trudy"
two-bears-high-fiving,"common,human,mojave,soldier,survival,survivalist,tribal,two_bears_high_fiving,zion"
ultra-luxe_cashier,"common,human,mojave,new_vegas,ultra_luxe_cashier,white_glove_society"
ultra-luxe_floor_manager,"common,human,mojave,new_vegas,ultra_luxe_floor_manager,white_glove_society"
ulysses,"common,hoover_dam,mojave,survival,survivalist,traveler,ulysses"
vagrant,"common,freeside,human,mojave,survival,survivalist,vagrant"
van_graff_thug,"common,energy_weapons,freeside,human,mojave,soldier,van_graff_thug"
vault_11_survivor,"common,firearms,human,survival,survivalist,vault_11_survivor"
vault_34_dweller__vvault34aaf_cf_am,"common,human,survival,survivalist,vault_34_dweller"
vault_34_dweller__vvault34aaf_cf_am_2,"common,human,survival,survivalist,vault_34_dweller"
vault_34_dweller__vvault34aaf_cf_am_3,"common,human,survival,survivalist,vault_34_dweller"
vault_3_fiend_guard,"common,fiends,human,mojave,soldier,vault_3_fiend_guard"
vendortron,"common,firearms,freeside,merchant,mojave,robot,vendortron"
verl,"common,goodsprings,mojave,survival,survivalist,verl"
veronica_santangelo,"brotherhood_of_steel,common,engineer,engineering,human,mojave,technology,veronica_santangelo"
vertibird_pilot,"common,human,military,mojave,soldier,vertibird_pilot"
veteran_decanus,"caesars_legion,common,leader,mojave,veteran_decanus"
veteran_decanus_hoover_dam,"common,hoover_dam,human,mojave,veteran_decanus_hoover_dam"
veteran_legionary,"caesars_legion,common,firearms,hoover_dam,military,mojave,soldier,survival,survivalist,veteran_legionary"
victor__gsvictordisabled,"common,goodsprings,mojave,robot,traveler,victor"
victor__victor,"common,goodsprings,mojave,robot,traveler,victor"
vikki_and_vance_cashier,"common,human,mojave,primm,vikki_and_vance_cashier"
vikki_and_vance_dealer,"common,human,mojave,primm,vikki_and_vance_dealer"
vikki_and_vance_floor_manager,"common,human,mojave,primm,vikki_and_vance_floor_manager"
violet,"common,human,leader,violet"
violetta,"common,dog,soldier,violetta"
viper_gunslinger,"common,firearms,human,mojave,novac,raider,survival,survivalist,viper_gunslinger"
viper_leader,"common,firearms,human,leader,mojave,raider,survival,survivalist,viper_leader"
vulpes_inculta__fortvulpesinculta,"common,human,leader,mojave,new_vegas,vulpes_inculta"
vulpes_inculta__vlegionaryvulpesinculta,"common,leader,mojave,new_vegas,vulpes_inculta"
vulpes_inculta__vvulpesincultastrip,"caesars_legion,common,human,leader,mojave,new_vegas,vulpes_inculta"
waking_cloud,"common,human,medic,medicine,mojave,waking_cloud,zion"
walter_phebus,"common,human,mojave,new_vegas_strip,survival,survivalist,walter_phebus"
warren_jacobs,"common,firearms,human,leader,mojave,ncr,warren_jacobs"
wasteland_adventurer,"common,goodsprings,human,hunter,merchant,mojave,survival,survivalist,wasteland_adventurer"
wastelander__fnv_category_fallout_new_vegas_human_characters,"common,human,mojave,survival,survivalist,wastelander"
wayne,"common,freeside,human,mojave,ncr,wayne"
weather_station_guard,"common,human,mojave,soldier,weather_station_guard"
westside_resident,"common,human,mojave,survival,survivalist,trade,westside,westside_resident"
whiskey_snakes_jr,"common,goodsprings,human,mojave,survival,survivalist,whiskey_snakes_jr"
white_bird,"common,medic,medicine,mojave,tribal,white_bird,zion"
white_glove,"common,human,mojave,new_vegas,soldier,survival,survivalist,white_glove"
white_glove_bartender,"common,human,mojave,new_vegas_strip,white_glove_bartender,white_glove_society"
white_glove_bouncer,"common,human,mojave,new_vegas_strip,white_glove_bouncer,white_glove_society"
white_glove_greeter,"common,human,mojave,new_vegas,white_glove_greeter,white_glove_society"
willis,"common,human,mojave,ncr,soldier,willis"
yes_man__l38yesman,"common,military,mojave,new_vegas,robot,soldier,yes_man"
yes_man__vhdyesman,"common,goodsprings,mojave,robot,yes_man"
yes_man__vmqtopsyesman,"common,mojave,new_vegas_strip,robot,yes_man"
yvette,"common,human,leader,mojave,new_vegas,trade,yvette"
zoara_bouncer,"common,human,mojave,new_vegas,zoara_bouncer"
a_wanderer,"a_wanderer,capital_wasteland,common,human,survival,survivalist"
abraham_washington,"abraham_washington,capital_wasteland,common,history,human,rivet_city"
adan,"adan,capital_wasteland,common,the_pitt"
agatha,"agatha,capital_wasteland,common,history,human,trade,traveler"
ahzrukhal,"ahzrukhal,capital_wasteland,common,ghoul,underworld"
alan,"alan,capital_wasteland,common,human,paradise_falls,soldier,survival,survivalist"
alejandra_torres,"alejandra_torres,common,historian,history,human"
alex_dargon,"agriculture,alex_dargon,capital_wasteland,common,human,rivet_city"
alien_captain,"alien_captain,capital_wasteland,common,leader,mothership_zeta,xenotechnology"
allen_mack,"allen_mack,capital_wasteland,common,human,leader,survival,survivalist,vault_101"
allistair_tenpenny,"allistair_tenpenny,capital_wasteland,common,human,tenpenny_tower"
amata__amata,"amata,capital_wasteland,common,human,leader,vault_101"
amata__cg02amata,"amata,capital_wasteland,common,human,leader,vault_101"
amata__cg03amata,"amata,capital_wasteland,common,human,leader,vault_101"
amata__cg04amata,"amata,capital_wasteland,common,human,leader,vault_101"
american_war_correspondent,"american_war_correspondent,common,human"
andy__amata,"andy,capital_wasteland,common,medic,medicine,robot,vault_101"
andy__cg02andy,"andy,capital_wasteland,common,medic,medicine,robot,vault_101"
andy_stahl,"andy_stahl,capital_wasteland,common,human,megaton"
angela_staley,"angela_staley,capital_wasteland,common,human,rivet_city"
anna_holt,"anna_holt,capital_wasteland,common,enclave,human,rivet_city,scientist"
ant_researcher,"ant_researcher,common,human,researcher"
antagonizer,"antagonizer,canterbury_commons,capital_wasteland,common,human,survival,survivalist"
anthony_ling,"anthony_ling,capital_wasteland,common,human,merchant,tenpenny_tower"
arkansas,"arkansas,capital_wasteland,common,human,paradise_falls"
armitage,"armitage,capital_wasteland,common,human,rivet_city,soldier"
armory_master,"armory_master,common,engineer,engineering,human"
ashur,"ashur,brotherhood_of_steel,capital_wasteland,common,leader,military,raider,soldier,the_pitt"
atom+s_champion,"atom_s_champion,common,ghoul"
badger,"badger,capital_wasteland,common,ghoul,leader,survival,survivalist,underworld"
bannon,"bannon,capital_wasteland,common,human,merchant,politics,rivet_city"
barrett,"barrett,common,ghoul,soldier"
beatrice_armstrong__cg02beatrice,"beatrice_armstrong,capital_wasteland,common,human,vault_101"
beatrice_armstrong__ms16beatrice,"beatrice_armstrong,capital_wasteland,common,human,vault_101"
belle_bonny,"belle_bonny,capital_wasteland,common,human,rivet_city"
ben_canning,"ben_canning,capital_wasteland,common"
bessie_lynn,"bessie_lynn,capital_wasteland,common,ghoul,merchant,tenpenny_tower,trade"
beth,"beth,capital_wasteland,common,human,survival,survivalist,the_pitt"
bill_foster,"bill_foster,common,engineer,engineering,human"
bill_seward,"bill_seward,common,human,survival,survivalist"
bill_wilson,"bill_wilson,common,human,survival,survivalist"
billy,"billy,capital_wasteland,common,human,survival,survivalist,the_pitt"
billy_creel,"billy_creel,capital_wasteland,common,firearms,human,megaton,soldier,survival,survivalist,trade,traveler"
billy_dunwich_building,"billy_dunwich_building,common,explosives,human,survival,survivalist"
billy_mcshady,"billy_mcshady,capital_wasteland,common,human,survival,survivalist,the_pitt,trade"
bingo,"bingo,capital_wasteland,common,human,raider,the_pitt"
bittercup,"big_town,bittercup,capital_wasteland,common,human"
biwwy,"biwwy,capital_wasteland,common,little_lamplight"
bleak,"bleak,capital_wasteland,common,human,paradise_falls"
bloomseer_poplar,"bloomseer_poplar,common,human,medic,medicine"
bob__bob,"bob,common,firearms,human,military,soldier"
bob__fo3_oasis,"bob,common,human,mojave"
bob_andersteen,"bob_andersteen,capital_wasteland,common,human,survival,survivalist"
bone,"bone,capital_wasteland,common,human,raider,soldier,the_pitt"
brailee_ewers,"brailee_ewers,common,human"
branchtender_cypress,"branchtender_cypress,capital_wasteland,common,human,soldier,survival,survivalist"
branchtender_linden,"branchtender_linden,brotherhood_outcasts,capital_wasteland,common,history,human,soldier,survival,survivalist"
branchtender_maple,"branchtender_maple,common,human,soldier"
brand,"brand,capital_wasteland,common,human,raider,survival,survivalist,the_pitt"
breadbox,"breadbox,capital_wasteland,common,human,paradise_falls,survival,survivalist"
brianna,"brianna,capital_wasteland,common,human,survival,survivalist"
brick,"brick,common,firearms,human,reillys_rangers"
brock,"brock,capital_wasteland,common,rivet_city"
bronson,"bronson,capital_wasteland,common,human,medic,medicine,paradise_falls"
brother_gerard,"brother_gerard,capital_wasteland,common,human,megaton"
brotherhood_of_steel_gnr_commander,"brotherhood_of_steel,brotherhood_of_steel_gnr_commander,common,human"
brotherhood_outcast,"brotherhood_outcast,brotherhood_outcasts,capital_wasteland,common,human,robotics,soldier,technology"
bryan_wilks,"bryan_wilks,capital_wasteland,common,human,rivet_city,survival,survivalist"
bumble,"bumble,capital_wasteland,common,firearms,human,little_lamplight"
butch__butch,"butch,capital_wasteland,common,human,leader,tunnel_snakes,vault_101"
butch__cg02butch,"butch,capital_wasteland,common,human,leader,tunnel_snakes,vault_101"
butch__cg03butch,"butch,capital_wasteland,common,human,leader,tunnel_snakes,vault_101"
butch__cg04butch,"butch,capital_wasteland,common,human,leader,tunnel_snakes,vault_101"
butcher,"butcher,common,human,leader,medic,medicine,reillys_rangers"
caleb_smith,"caleb_smith,capital_wasteland,common,firearms,survival,survivalist"
candace_keller,"candace_keller,common,human"
caravan_guard,"canterbury_commons,capital_wasteland,caravan_guard,common,human,soldier,trade,traveler"
caravan_trader,"canterbury_commons,capital_wasteland,caravan_trader,common,human,trade,traveler"
carl,"capital_wasteland,carl,common,ghoul,medic,medicine,underworld"
carl_wallace,"carl_wallace,common,human"
carlos,"capital_wasteland,carlos,common,human,rivet_city,survival,survivalist"
carol,"capital_wasteland,carol,common,ghoul,underworld"
carolina_red,"capital_wasteland,carolina_red,common,human,paradise_falls,survival,survivalist"
carter__carter,"capital_wasteland,carter,common,human,paradise_falls,survival,survivalist"
catherine__cg00mom,"catherine,common,human,scientist,survival,survivalist"
catherine__dlc04catherine,"capital_wasteland,catherine,common,human,point_lookout,survival,survivalist"
centre_dubois,"capital_wasteland,centre_dubois,common,human,raider"
cerberus,"capital_wasteland,cerberus,common,robot,soldier,underworld"
charon,"capital_wasteland,charon,common,ghoul,soldier,underworld"
cherry,"capital_wasteland,cherry,common,human,rivet_city,survival,survivalist"
chief_gustavo,"capital_wasteland,chief_gustavo,common,firearms,human,leader,tenpenny_tower"
child,"canterbury_commons,capital_wasteland,child,common,human"
child_of_atom,"capital_wasteland,child_of_atom,common,human,megaton,survival,survivalist"
child_slaver,"capital_wasteland,child_slaver,common,human,paradise_falls"
chinese_commando,"chinese_commando,common,firearms,human,soldier"
chip_taylor,"capital_wasteland,chip_taylor,common,human,vault_101"
christie_young,"capital_wasteland,christie_young,common,human,rivet_city"
christine_kendall__cg03christinekendall,"capital_wasteland,christine_kendall,common,vault_101"
christine_kendall__christinekendall,"capital_wasteland,christine_kendall,common,human,vault_101"
cindy_cantelli,"capital_wasteland,cindy_cantelli,common,human,rivet_city,trade"
cj_young,"capital_wasteland,cj_young,common,human,rivet_city"
clover,"capital_wasteland,clover,common,human,paradise_falls,soldier"
colin_moriarty,"capital_wasteland,colin_moriarty,common,human,megaton,merchant"
colonel_autumn,"colonel_autumn,common,enclave,human,military,mojave,politics,soldier"
colonel_hartigan,"capital_wasteland,colonel_hartigan,common,human,military,mothership_zeta,soldier,survival,survivalist"
commander_jabsco,"capital_wasteland,commander_jabsco,common,human,talon_company"
confessor_cromwell,"capital_wasteland,common,confessor_cromwell,human,leader,megaton"
connelly,"common,connelly,ghoul,survival,survivalist"
corporal_rheems,"capital_wasteland,common,corporal_rheems,human,medic,medicine,military,mothership_zeta,soldier,survival,survivalist"
corporal_spurlock,"capital_wasteland,common,corporal_spurlock,human,medic,medicine,mothership_zeta"
crazy_wolfgang,"canterbury_commons,capital_wasteland,common,crazy_wolfgang,human,merchant,survival,survivalist,trade,traveler"
crimson,"capital_wasteland,common,crimson,human,paradise_falls,survival,survivalist"
croatoa,"capital_wasteland,common,croatoa,human,point_lookout,tribal"
crow,"capital_wasteland,common,crow,human,megaton,merchant,trade,traveler"
daniel_agincourt,"capital_wasteland,common,daniel_agincourt,engineer,engineering,firearms,human,rivet_city"
daniel_littlehorn,"common,daniel_littlehorn,human,leader"
dave,"capital_wasteland,common,dave,human,leader,politics"
davis_west,"capital_wasteland,common,davis_west,human,megaton,survival,survivalist"
dead_branchtender,"common,dead_branchtender,human,soldier"
dead_chinese_commando,"capital_wasteland,common,dead_chinese_commando,human,military,soldier"
dead_pilot,"capital_wasteland,common,dead_pilot,firearms,human,military,point_lookout,soldier,survival,survivalist"
dead_regulator,"capital_wasteland,common,dead_regulator,firearms,human,hunter"
dead_settler,"capital_wasteland,common,dead_settler,human,survival,survivalist"
dead_slave,"capital_wasteland,common,dead_slave,human,paradise_falls,survival,survivalist"
dead_us_paratrooper,"common,dead_us_paratrooper,human,military,soldier"
defender_morgan,"brotherhood_outcasts,common,defender_morgan,human,raider,soldier"
defender_morrill,"brotherhood_outcasts,common,defender_morrill,engineer,engineering,human,soldier"
defender_rockfowl,"brotherhood_outcasts,common,defender_rockfowl,human"
defender_sibley,"brotherhood_outcasts,common,defender_sibley,human,leader,technology"
deputy_steel,"capital_wasteland,common,deputy_steel,megaton,robot,soldier"
deputy_weld,"capital_wasteland,common,deputy_weld,megaton,robot"
derek_pacion,"canterbury_commons,capital_wasteland,common,derek_pacion,human,trade"
desmond_lockheart,"capital_wasteland,common,desmond_lockheart,ghoul,point_lookout,survival,survivalist"
diego,"capital_wasteland,common,diego,human,rivet_city"
doc_church,"capital_wasteland,common,doc_church,doctor,human,medic,medicine,megaton,merchant,survival,survivalist"
doc_cutter,"capital_wasteland,common,doc_cutter,doctor,human,medic,medicine,merchant,paradise_falls"
doc_hoff,"canterbury_commons,capital_wasteland,common,doc_hoff,human,medic,medicine,merchant,survival,survivalist,traveler"
doctor_adami,"common,doctor_adami,medic,medicine,military,soldier"
doctor_banfield,"capital_wasteland,common,doctor_banfield,human,medic,medicine,tenpenny_tower"
doctor_barrows,"capital_wasteland,common,doctor,doctor_barrows,ghoul,leader,medic,medicine,underworld"
doctor_lesko,"chemistry,common,doctor_lesko,engineer,engineering,human,researcher"
doctor_li,"agriculture,capital_wasteland,common,doctor_li,engineer,engineering,human,medic,medicine,rivet_city,scientist"
doctor_preston,"capital_wasteland,common,doctor_preston,human,medic,medicine,rivet_city"
dogmeat,"capital_wasteland,common,dog,dogmeat,soldier"
dogmeat+s_owner,"capital_wasteland,common,dogmeat_s_owner,human,survival,survivalist"
dominic_d+ellsadro,"canterbury_commons,capital_wasteland,common,dominic_d_ellsadro,human,leader,soldier"
donovan,"capital_wasteland,common,donovan,engineer,engineering,human,reillys_rangers"
dr_zimmer,"capital_wasteland,common,dr_zimmer,human,rivet_city,scientist,technology"
drifter,"capital_wasteland,common,drifter,human,hunter,survival,survivalist"
duke__dlc01duke,"capital_wasteland,common,duke,history,human,politics,raider,the_pitt"
dukov,"common,dukov,human,survival,survivalist"
dunbar,"common,dunbar,ghoul,survival,survivalist"
dusty,"big_town,capital_wasteland,common,dusty,firearms,human"
eclair,"capital_wasteland,common,eclair,human,little_lamplight"
edgar_wellington_ii,"capital_wasteland,common,edgar_wellington_ii,human,tenpenny_tower"
elder_lyons,"brotherhood_of_steel,capital_wasteland,common,elder_lyons,human,leader,military,soldier,technology"
elise_walton,"common,elise_walton,human"
ellen_deloria__cg04ellendeloria,"capital_wasteland,common,ellen_deloria,human,vault_101"
ellen_deloria__ellendeloria,"capital_wasteland,common,ellen_deloria,human,vault_101"
elliott_tercorien,"common,elliott_tercorien,human,leader,medic,medicine"
emaline,"capital_wasteland,common,emaline,human"
enclave_doctor,"common,enclave_doctor,human,medic,medicine"
enclave_officer,"capital_wasteland,common,enclave_officer,human,leader,mothership_zeta"
enclave_scientist,"common,enclave,enclave_scientist,human,military,scientist,soldier"
enclave_sigma_leader,"capital_wasteland,common,enclave_sigma_leader,human,leader,military,soldier"
enclave_soldier,"capital_wasteland,common,enclave,enclave_soldier,energy_weapons,firearms,human,soldier"
escaped_slave_character,"capital_wasteland,common,escaped_slave_character,paradise_falls,survival,survivalist"
ethyl,"capital_wasteland,common,doctor,ethyl,underworld"
eulogy_jones,"capital_wasteland,common,eulogy_jones,leader,paradise_falls"
evan_king,"common,evan_king,human,leader,raider"
everett,"capital_wasteland,common,everett,human,raider,the_pitt"
fantasia,"capital_wasteland,common,fantasia,human,survival,survivalist"
father_clifford,"capital_wasteland,common,father_clifford,human,leader,rivet_city"
fawkes,"common,fawkes,history,human,survival,survivalist"
faydra,"capital_wasteland,common,faydra,human,medic,medicine,raider,soldier,the_pitt"
flak,"capital_wasteland,common,firearms,flak,human,rivet_city"
flash,"big_town,capital_wasteland,common,firearms,flash,human,soldier,survival,survivalist"
flower,"common,flower,human"
floyd_lewis,"capital_wasteland,common,engineer,engineering,firearms,floyd_lewis,human,vault_101"
fluffy,"capital_wasteland,common,fluffy,survival,survivalist"
forty,"capital_wasteland,common,forty,paradise_falls"
four_score,"common,dog,four_score,soldier"
frank,"capital_wasteland,common,frank,human,paradise_falls"
fred_wilks,"capital_wasteland,common,fred_wilks,human,rivet_city,survival,survivalist"
freddie_gomez,"capital_wasteland,common,freddie_gomez,human,vault_101"
freki,"capital_wasteland,common,dog,freki,point_lookout,soldier"
friday,"capital_wasteland,common,friday,human,merchant,the_pitt,trade"
gallo,"common,gallo,ghoul,survival,survivalist"
gary_1,"common,gary_1,human,survival,survivalist"
gary_12,"common,gary_12"
gary_17,"common,gary_17"
gary_23,"common,gary_23,survival,survivalist"
gary_25,"common,gary_25,human"
gary_27,"common,gary_27,survival,survivalist"
gary_29,"common,gary_29"
gary_32,"common,gary_32"
gary_33,"common,gary_33"
gary_36,"common,gary_36"
gary_41,"common,gary_41"
gary_42,"common,gary_42"
gary_43,"common,gary_43,human"
gary_47,"common,gary_47,vault_dweller"
gary_clone,"common,gary_clone"
gary_staley,"capital_wasteland,common,gary_staley,human,merchant,rivet_city,trade"
garza,"capital_wasteland,common,garza,human,rivet_city"
general_chase,"common,general_chase,human,leader,military,politics,soldier"
general_jingwei,"common,general_jingwei,human,survival,survivalist"
george_neusbaum,"common,george_neusbaum,human,military,soldier"
geri,"capital_wasteland,common,dog,geri,point_lookout,soldier"
gibson,"capital_wasteland,common,gibson,human,trade"
gloria_mack,"capital_wasteland,common,gloria_mack,human,vault_101"
goalie_ledoux,"common,goalie_ledoux,human,leader,trade"
gob,"capital_wasteland,common,ghoul,gob,megaton"
godfrey,"capital_wasteland,common,godfrey,robot,robotics,tenpenny_tower"
grady,"capital_wasteland,common,firearms,grady,human,traveler"
grandma_sparkle,"capital_wasteland,common,grandma_sparkle,human,trade"
grandma_taylor,"capital_wasteland,common,grandma_taylor,human,survival,survivalist,vault_101"
greta,"capital_wasteland,common,ghoul,greta,underworld"
griffon,"capital_wasteland,common,ghoul,griffon,underworld"
grouse,"capital_wasteland,common,grouse,human,paradise_falls,soldier"
gruber,"capital_wasteland,common,gruber,human,the_pitt"
grudd_bear,"common,grudd_bear,raider,soldier"
haley,"capital_wasteland,common,haley,merchant,point_lookout"
hammer,"capital_wasteland,common,hammer,human,raider,soldier,the_pitt"
hannibal_hamlin,"capital_wasteland,common,hannibal_hamlin,history,leader,paradise_falls,survival,survivalist"
harden_simms,"capital_wasteland,common,harden_simms,human,megaton"
harkness,"capital_wasteland,common,firearms,harkness,human,leader,rivet_city"
harold,"capital_wasteland,common,ghoul,harold,history,leader,survival,survivalist,trade,traveler"
harris,"capital_wasteland,common,harris,human,the_pitt"
henry_young,"capital_wasteland,common,henry_young,human,rivet_city"
herbert_daring_dashwood,"capital_wasteland,common,herbert_daring_dashwood,human,survival,survivalist,tenpenny_tower"
hitman,"capital_wasteland,common,hitman,human,survival,survivalist,talon_company"
holly,"common,holly,human,survival,survivalist"
hoover,"common,engineer,engineering,hoover,robot"
hunter,"capital_wasteland,common,human,hunter,survival,survivalist"
ian_west,"capital_wasteland,common,human,ian_west,megaton,survival,survivalist"
initiate__fo3_category_fallout_3_human_characters,"brotherhood_of_steel,capital_wasteland,common,firearms,human,initiate,soldier,technology"
initiate_jennings,"brotherhood_of_steel,capital_wasteland,common,human,initiate_jennings,military,soldier"
initiate_pek,"brotherhood_of_steel,capital_wasteland,common,human,initiate_pek"
initiate_reddin,"brotherhood_of_steel,common,human,initiate_reddin"
insane_survivor,"common,human,insane_survivor,survival,survivalist"
irving_cheng,"capital_wasteland,common,human,irving_cheng,politics,tenpenny_tower"
isabella_proud,"common,human,isabella_proud,scientist"
jack_smith,"capital_wasteland,common,human,jack_smith"
jackson__dlc01jackson,"capital_wasteland,common,human,jackson,raider,the_pitt"
jackson__dlc04jackson,"capital_wasteland,common,jackson,leader,point_lookout,tribal"
jacob_humboldt,"capital_wasteland,common,firearms,history,human,hunter,jacob_humboldt,point_lookout"
jaime_palabras,"common,human,jaime_palabras,raider,survival,survivalist"
james__cg01dad,"capital_wasteland,common,engineer,engineering,human,james,medic,medicine,researcher,vault_101"
james__cg02dad,"capital_wasteland,common,human,james,medic,medicine,researcher,survival,survivalist,vault_101"
james__cg03dad,"capital_wasteland,common,engineer,engineering,human,james,medic,medicine,researcher,technology,vault_101"
james__mqdad,"capital_wasteland,common,james,leader,medic,medicine,researcher,survival,survivalist,vault_101"
james_dog,"capital_wasteland,common,dog,engineer,engineering,james_dog,medic,medicine,scientist,survival,survivalist,vault_101"
james_hargrave,"capital_wasteland,common,human,james_hargrave,rivet_city"
janet_rockwell,"common,human,janet_rockwell"
janice_kaplinski,"agriculture,capital_wasteland,common,human,janice_kaplinski,rivet_city"
janice_wilkins,"capital_wasteland,common,human,janice_wilkins,vault_101,vault_dweller"
jason,"common,human,jason,researcher,scientist"
jenny_stahl,"capital_wasteland,common,human,jenny_stahl,megaton"
jenny_wilson,"common,human,jenny_wilson"
jericho,"capital_wasteland,common,human,jericho,megaton,raider,soldier,survival,survivalist"
jessica,"capital_wasteland,common,human,jessica,survival,survivalist"
jim_hunter,"capital_wasteland,common,human,hunter,jim_hunter,leader"
jim_wilkins,"capital_wasteland,common,human,jim_wilkins,vault_101"
jimson,"capital_wasteland,common,human,jimson,point_lookout,tribal"
jitters,"capital_wasteland,common,jitters,survival,survivalist"
joe_porter,"canterbury_commons,capital_wasteland,common,human,joe_porter,merchant,trade"
john,"capital_wasteland,common,human,john,megaton,survival,survivalist"
john-john,"capital_wasteland,common,human,john_john,the_pitt"
john_bear,"capital_wasteland,common,human,john_bear,raider,soldier,survival,survivalist,the_pitt"
john_henry_eden,"capital_wasteland,common,enclave,john_henry_eden,robotics"
jonas_palmer__cg02jonas,"capital_wasteland,common,jonas_palmer,medic,medicine,vault_101"
jonas_palmer__cg03jonas,"capital_wasteland,common,jonas_palmer,medic,medicine,vault_101"
jonas_palmer__cg04jonas,"capital_wasteland,common,human,jonas_palmer,medic,medicine,vault_101"
joseph,"capital_wasteland,common,joseph,little_lamplight,survival,survivalist"
jotun,"capital_wasteland,common,human,jotun,paradise_falls"
junders_plunkett,"canterbury_commons,capital_wasteland,common,human,junders_plunkett,raider,survival,survivalist"
junior_smith,"common,junior_smith,trade"
justin,"capital_wasteland,common,human,justin,rivet_city,survival,survivalist"
kai,"capital_wasteland,common,kai,the_pitt"
karen_johnson,"common,human,karen_johnson"
karen_schenzy,"common,human,karen_schenzy,survival,survivalist"
karl__thefamilykarl,"capital_wasteland,common,human,karl,megaton,merchant"
ken_ewers,"common,human,ken_ewers,survival,survivalist"
kenny,"capital_wasteland,common,firearms,human,kenny,point_lookout"
kidd,"capital_wasteland,common,ghoul,kidd,survival,survivalist,underworld"
kimba,"big_town,capital_wasteland,common,firearms,kimba,survival,survivalist"
knick_knack,"capital_wasteland,common,knick_knack,little_lamplight,merchant"
knight,"brotherhood_of_steel,capital_wasteland,common,energy_weapons,firearms,human,knight,soldier"
knight_artemis,"brotherhood_of_steel,capital_wasteland,common,human,knight_artemis"
knight_captain_colvin,"brotherhood_of_steel,common,human,knight_captain_colvin"
knight_captain_durga,"brotherhood_of_steel,common,human,knight_captain_durga"
knight_captain_dusk,"brotherhood_of_steel,common,human,knight_captain_dusk"
knight_captain_gallows,"common,human,knight_captain_gallows,survival,survivalist"
knight_dillon,"brotherhood_of_steel,capital_wasteland,common,human,knight_dillon,soldier"
knight_finley,"brotherhood_of_steel,capital_wasteland,common,human,knight_finley,soldier"
knight_sergeant_wilks,"brotherhood_of_steel,capital_wasteland,common,human,knight_sergeant_wilks,leader"
knock_knock,"capital_wasteland,common,human,knock_knock,little_lamplight"
krenshaw,"capital_wasteland,common,human,krenshaw,the_pitt"
lag-bolt,"capital_wasteland,common,human,lag_bolt,raider,survival,survivalist"
lana_danvers,"capital_wasteland,common,firearms,human,lana_danvers,politics,rivet_city"
laszlo_radford,"capital_wasteland,common,human,hunter,laszlo_radford,survival,survivalist"
leaf_mother_laurel,"capital_wasteland,common,human,leader,leaf_mother_laurel"
leo_stahl,"capital_wasteland,common,human,leo_stahl,megaton,traveler"
leroy_walker,"capital_wasteland,common,human,leader,leroy_walker,paradise_falls,survival,survivalist"
lieutenant_morgan,"common,lieutenant_morgan,military,soldier"
lieutenant_williams,"common,firearms,human,lieutenant_williams,military,soldier"
linda_smith,"common,human,linda_smith"
little_lamplighter,"capital_wasteland,common,human,little_lamplight,little_lamplighter,merchant,survival,survivalist,trade"
little_toe,"capital_wasteland,common,little_toe,survival,survivalist"
lucas_simms,"capital_wasteland,common,human,leader,lucas_simms,megaton"
lucky_harith,"canterbury_commons,capital_wasteland,common,lucky_harith,merchant,survival,survivalist,traveler"
lucy,"capital_wasteland,common,doctor,human,little_lamplight,lucy,medic,medicine"
lucy_west,"capital_wasteland,common,human,lucy_west,megaton,survival,survivalist"
lug-nut,"capital_wasteland,common,human,lug_nut,raider"
lulu,"capital_wasteland,common,human,lulu,raider,survival,survivalist,the_pitt"
lydia_montenegro,"capital_wasteland,common,human,lydia_montenegro,tenpenny_tower"
mabel_henderson,"common,human,mabel_henderson"
machete,"canterbury_commons,capital_wasteland,common,human,machete,soldier,survival,survivalist"
mad_johnny_wes,"common,firearms,human,mad_johnny_wes"
madame,"common,human,madame"
madame_panada,"capital_wasteland,common,human,madame_panada,merchant,point_lookout,survival,survivalist"
maggie,"capital_wasteland,common,human,maggie,megaton"
manny_koch,"canterbury_commons,capital_wasteland,common,human,leader,manny_koch"
manya_vargas,"capital_wasteland,common,history,human,manya_vargas,megaton,survival,survivalist,trade,traveler"
marcella,"capital_wasteland,common,human,hunter,marcella,point_lookout,survival,survivalist"
marco__dlc01marco,"capital_wasteland,common,engineer,engineering,human,marco,the_pitt"
margaret,"capital_wasteland,common,engineer,engineering,margaret"
margaret_primrose,"capital_wasteland,common,human,margaret_primrose,tenpenny_tower"
marguerite,"capital_wasteland,common,marguerite,point_lookout"
marie,"biology,capital_wasteland,common,human,marie,medic,medicine,the_pitt"
martha_simpson,"common,human,martha_simpson,technology"
martha_wilson,"common,human,martha_wilson"
mary,"common,human,mary"
mary_holden,"capital_wasteland,common,human,mary_holden,vault_101,vault_dweller"
masterbrain,"common,human,masterbrain,robotics,vault_tec"
matilda_west,"capital_wasteland,common,human,matilda_west,megaton,survival,survivalist"
matthew_scott,"capital_wasteland,common,human,matthew_scott,military,soldier"
mayor_maccready,"capital_wasteland,common,human,leader,little_lamplight,mayor_maccready,survival,survivalist"
meat,"capital_wasteland,common,doctor,meat,underworld"
megaton_refugee,"capital_wasteland,common,human,megaton,megaton_refugee,survival,survivalist"
megaton_settler,"capital_wasteland,common,human,megaton,megaton_settler,trade"
mei_wong,"capital_wasteland,common,human,mei_wong,rivet_city,survival,survivalist"
mel,"capital_wasteland,common,human,mel"
mercenary__fo3_category_fallout_3_human_characters,"capital_wasteland,common,firearms,human,mercenary,survival,survivalist"
mercenary_anchorage_memorial,"capital_wasteland,common,human,mercenary_anchorage_memorial,survival,survivalist"
mercenary_megaton,"capital_wasteland,common,human,megaton,mercenary_megaton,soldier"
mex,"capital_wasteland,common,human,mex,raider,soldier,the_pitt"
michael_hawthorne,"capital_wasteland,common,human,michael_hawthorne,tenpenny_tower"
michael_masters,"biology,capital_wasteland,common,engineer,engineering,human,michael_masters,scientist,tenpenny_tower,trade"
micky,"capital_wasteland,common,human,megaton,micky,raider,survival,survivalist"
midea,"capital_wasteland,common,leader,midea,survival,survivalist,the_pitt"
millicent_wellington,"capital_wasteland,common,human,millicent_wellington,tenpenny_tower"
milly,"capital_wasteland,common,medic,medicine,milly,the_pitt"
milo__ms05nukacolafactoryforeman,"common,milo,robot"
miss_jeanette,"capital_wasteland,common,ghoul,miss_jeanette,paradise_falls,survival,survivalist"
mister_buckingham,"capital_wasteland,common,mister_buckingham,rivet_city,robot"
mister_burke,"capital_wasteland,common,human,megaton,mister_burke"
mister_crowley,"capital_wasteland,common,ghoul,military,mister_crowley,soldier,survival,survivalist,underworld"
mister_lopez,"capital_wasteland,common,human,mister_lopez,rivet_city,trade"
moira_brown__moirabrown,"capital_wasteland,common,human,megaton,merchant,moira_brown,survival,survivalist,trade"
moira_brown__moirabrown_731,"capital_wasteland,common,engineer,engineering,human,megaton,merchant,moira_brown,survival,survivalist,trade"
mona,"capital_wasteland,common,human,mona,raider,survival,survivalist,the_pitt"
mother_curie_iii,"capital_wasteland,common,human,leader,megaton,mother_curie_iii"
mother_maya,"capital_wasteland,common,human,leader,megaton,mother_maya"
mr_brotch__cg03mrbrotch,"capital_wasteland,common,human,mr_brotch,survival,survivalist,vault_101"
mr_brotch__mrbrotch,"capital_wasteland,common,mr_brotch,survival,survivalist,vault_101"
muffy,"capital_wasteland,common,dog,muffy"
murphy,"capital_wasteland,chemistry,common,ghoul,merchant,murphy,trade"
nadine,"capital_wasteland,common,human,nadine,point_lookout,survival,survivalist,tribal"
nathan_vargas,"capital_wasteland,common,human,megaton,merchant,nathan_vargas,survival,survivalist,traveler"
nola,"capital_wasteland,common,medic,medicine,nola,the_pitt"
northern_shack_raider,"common,human,northern_shack_raider,raider,survival,survivalist"
northern_shack_raider+s_partner,"common,human,northern_shack_raider_s_partner,raider,survival,survivalist"
northup,"brotherhood_of_steel,capital_wasteland,common,human,leader,northup"
nova,"capital_wasteland,common,human,megaton,nova"
novice,"common,ghoul,novice"
nurse_graves,"capital_wasteland,common,ghoul,medic,medicine,nurse_graves,underworld"
o-dog,"capital_wasteland,common,human,o_dog,raider,survival,survivalist,the_pitt"
obadiah_blackhall,"capital_wasteland,common,history,human,obadiah_blackhall,point_lookout"
officer_armstrong,"capital_wasteland,common,firearms,human,officer_armstrong,vault_101"
officer_davis,"capital_wasteland,common,firearms,officer_davis,rivet_city,traveler"
officer_gomez__cg02vault101security04,"capital_wasteland,common,firearms,human,officer_gomez,vault_101"
officer_gomez__cg04vault101security04,"capital_wasteland,common,firearms,human,officer_gomez,vault_101"
officer_gomez__vault101security04,"capital_wasteland,common,firearms,human,officer_gomez,vault_101"
officer_kendall__cg02vault101security02,"capital_wasteland,common,human,officer_kendall,vault_101"
officer_kendall__cg04vault101security02,"capital_wasteland,common,human,officer_kendall,vault_101"
officer_kendall__vault101security02,"capital_wasteland,common,firearms,human,officer_kendall,vault_101"
officer_lepelletier,"capital_wasteland,common,human,officer_lepelletier,rivet_city,traveler"
officer_lorin,"capital_wasteland,common,human,officer_lorin,rivet_city,soldier,traveler"
officer_mack__cg04vault101security03,"capital_wasteland,common,human,officer_mack,vault_101"
officer_mack__vault101security03,"capital_wasteland,common,human,leader,officer_mack,survival,survivalist,vault_101"
officer_o+brian,"capital_wasteland,common,firearms,human,officer_o_brian,vault_101"
officer_park,"capital_wasteland,common,firearms,human,officer_park,soldier,vault_101"
officer_richards__cg04vault101security05,"capital_wasteland,common,firearms,human,officer_richards,soldier,vault_101"
officer_richards__vault101security05,"capital_wasteland,common,firearms,human,officer_richards,vault_101"
officer_taylor,"capital_wasteland,common,human,officer_taylor,soldier,survival,survivalist,vault_101"
officer_wilkins,"capital_wasteland,common,human,officer_wilkins,vault_101"
officer_wolfe,"capital_wasteland,common,human,officer_wolfe,vault_101"
old_lady_dithers,"common,old_lady_dithers"
old_lady_palmer__cg02oldladypalmer,"capital_wasteland,common,old_lady_palmer,vault_101"
old_lady_palmer__oldladypalmer,"capital_wasteland,common,history,human,old_lady_palmer,vault_101"
old_man_harris,"common,history,human,old_man_harris,soldier,survival,survivalist"
operations_officer_edwards,"brotherhood_of_steel,common,human,operations_officer_edwards"
overseer_mack,"capital_wasteland,common,human,leader,overseer_mack,survival,survivalist,vault_101"
paladin__fo3_category_fallout_3_human_characters,"brotherhood_of_steel,capital_wasteland,common,energy_weapons,human,leader,medic,medicine,paladin,soldier"
paladin_bael,"brotherhood_of_steel,common,human,paladin_bael,soldier"
paladin_glade,"common,human,paladin_glade"
paladin_gunny,"brotherhood_of_steel,capital_wasteland,common,human,military,paladin_gunny,soldier"
paladin_hoss,"brotherhood_of_steel,capital_wasteland,common,human,leader,paladin_hoss"
paladin_jensen,"brotherhood_of_steel,common,human,paladin_jensen"
paladin_kodiak,"brotherhood_of_steel,capital_wasteland,common,paladin_kodiak,survival,survivalist,the_pitt"
paladin_tristan,"brotherhood_of_steel,capital_wasteland,common,human,military,paladin_tristan,soldier"
paladin_vargas,"brotherhood_of_steel,common,firearms,human,leader,paladin_vargas"
pappy,"big_town,capital_wasteland,common,human,pappy,survival,survivalist"
pat_neusbaum,"common,human,pat_neusbaum"
patchwork,"capital_wasteland,common,ghoul,patchwork,underworld"
patient,"capital_wasteland,common,megaton,patient,trade"
paul_hannon_jr__cg02paulhannon,"capital_wasteland,common,engineer,engineering,paul_hannon_jr,tunnel_snakes,vault_101"
paul_hannon_jr__cg03paulhannon,"capital_wasteland,common,engineer,engineering,paul_hannon_jr,survival,survivalist,tunnel_snakes,vault_101"
paulie_cantelli,"capital_wasteland,common,human,paulie_cantelli,rivet_city"
paulson,"capital_wasteland,common,firearms,human,mothership_zeta,paulson,survival,survivalist"
penny,"capital_wasteland,common,little_lamplight,penny,survival,survivalist"
pepper_gomez,"capital_wasteland,common,human,pepper_gomez,vault_101"
phantom,"capital_wasteland,common,human,medic,medicine,phantom,raider,the_pitt,traveler"
pinkerton,"capital_wasteland,common,engineer,engineering,human,leader,pinkerton,rivet_city,scientist"
pitt_slave_lead_conspirator,"capital_wasteland,common,pitt_slave_lead_conspirator,the_pitt"
plik,"biology,capital_wasteland,common,ghoul,plik,point_lookout"
potomac_fisherman,"capital_wasteland,common,human,potomac_fisherman,survival,survivalist"
preacher+s_hostage,"capital_wasteland,common,human,preacher_s_hostage,survival,survivalist"
prime,"common,human,prime,survival,survivalist"
princess,"capital_wasteland,common,little_lamplight,princess,soldier"
private_beckett,"capital_wasteland,common,human,medic,medicine,mothership_zeta,private_beckett"
private_jones,"capital_wasteland,common,military,private_jones,rivet_city,robot,soldier"
private_mears,"capital_wasteland,common,human,medic,medicine,military,mothership_zeta,private_mears,soldier,xenotechnology"
professor_calvert,"capital_wasteland,common,human,point_lookout,professor_calvert,robotics,scientist"
pronto,"capital_wasteland,common,human,paradise_falls,pronto,trade"
prosper,"capital_wasteland,common,human,prosper,the_pitt,trade"
protector_casdin,"brotherhood_outcasts,capital_wasteland,common,firearms,human,leader,military,protector_casdin,soldier,technology,the_pitt"
protector_mcgraw,"brotherhood_outcasts,common,human,military,protector_mcgraw,soldier,technology"
pumpkin,"common,pumpkin"
quartermaster,"common,human,quartermaster"
quinn,"capital_wasteland,common,ghoul,quinn,survival,survivalist,trade,underworld"
rachael__rachael,"common,human,rachael"
raider__fo3_category_fallout_3_human_characters,"capital_wasteland,common,explosives,human,raider"
raider_boss_bethesda_ruins,"common,human,leader,military,raider,raider_boss_bethesda_ruins,soldier"
raider_fighter__dlc01arenacombatant03b,"capital_wasteland,common,human,raider,raider_fighter,the_pitt"
raider_fighter__dlc01arenacombatant03c,"capital_wasteland,common,human,raider,raider_fighter,the_pitt"
raider_leader_bethesda_ruins,"common,human,leader,raider,raider_leader_bethesda_ruins"
raider_leader_springvale_school,"capital_wasteland,common,human,leader,raider,raider_leader_springvale_school,traveler,vault_101"
raider_miniboss_springvale_school,"capital_wasteland,common,human,raider,raider_miniboss_springvale_school"
ralph__ralph,"canterbury_commons,capital_wasteland,common,human,ralph"
ramsey,"capital_wasteland,common,human,leader,paradise_falls,ramsey"
recon_craft_theta_pilot,"capital_wasteland,common,mothership_zeta,recon_craft_theta_pilot,technology,xenotechnology"
red,"big_town,capital_wasteland,common,doctor,human,leader,medic,medicine,red"
reddup,"capital_wasteland,common,raider,reddup,the_pitt"
regulator,"capital_wasteland,common,firearms,human,hunter,regulator"
reilly,"capital_wasteland,common,firearms,human,leader,reilly,reillys_rangers,survival,survivalist,underworld"
richter,"capital_wasteland,common,human,paradise_falls,richter,soldier"
rip_smithy,"capital_wasteland,common,firearms,human,hunter,point_lookout,rip_smithy"
rivet_city_security,"capital_wasteland,common,human,rivet_city,rivet_city_security,traveler"
roach_king,"capital_wasteland,common,firearms,human,roach_king"
robert,"common,firearms,human,robert,soldier,survival,survivalist"
rock_crick_hunter,"capital_wasteland,common,human,hunter,rock_crick_hunter,survival,survivalist"
rocksalt,"common,human,leader,raider,rocksalt"
roger_rockwell,"common,human,roger_rockwell"
ronald_laren,"capital_wasteland,common,human,ronald_laren,soldier,survival,survivalist"
rory_maclaren,"capital_wasteland,common,human,paradise_falls,rory_maclaren,survival,survivalist"
rosa,"capital_wasteland,common,human,megaton,rosa,survival,survivalist"
rosie,"common,human,leader,rosie,survival,survivalist"
roy_phillips,"capital_wasteland,common,firearms,ghoul,leader,roy_phillips,survival,survivalist,tenpenny_tower"
ruzka,"capital_wasteland,common,point_lookout,ruzka,survival,survivalist"
ryan_brigg,"capital_wasteland,common,human,leader,raider,ryan_brigg"
sally,"capital_wasteland,common,human,mothership_zeta,sally,technology,xenotechnology"
sam_warrick,"capital_wasteland,common,human,hunter,raider,sam_warrick,survival,survivalist"
sammy,"capital_wasteland,common,human,little_lamplight,sammy"
samuel,"common,ghoul,samuel"
sanders,"capital_wasteland,common,ghoul,leader,sanders,tenpenny_tower"
sandra,"capital_wasteland,common,human,researcher,sandra,scientist,the_pitt"
sapling_yew,"common,human,leader,sapling_yew"
sawbones,"brotherhood_of_steel,common,medic,medicine,sawbones"
scavenger,"capital_wasteland,common,human,merchant,rivet_city,scavenger,survival,survivalist,trade"
scientist,"capital_wasteland,common,human,researcher,scientist"
scribe__fo3_category_fallout_3_human_characters,"brotherhood_of_steel,capital_wasteland,common,engineer,engineering,human,scientist,scribe,technology"
scribe_bigsley,"capital_wasteland,common,human,rivet_city,scribe_bigsley"
scribe_bowditch,"common,engineer,engineering,history,human,scribe_bowditch"
scribe_jameson,"common,history,human,scribe_jameson"
scribe_peabody,"common,engineer,engineering,human,researcher,scribe_peabody"
scribe_rothchild,"brotherhood_of_steel,capital_wasteland,common,engineer,engineering,human,robotics,scientist,scribe_rothchild"
scribe_vallincourt,"common,engineer,engineering,human,scribe_vallincourt,technology"
scribe_yearling,"common,human,scribe_yearling"
seagrave_holmes,"capital_wasteland,common,human,merchant,rivet_city,seagrave_holmes"
secretary,"capital_wasteland,common,human,secretary"
security_chief_hannon__vault101security01,"capital_wasteland,common,human,security_chief_hannon,vault_101"
security_chief_hannon__vault101security01_801,"capital_wasteland,common,security_chief_hannon,vault_101"
security_guard,"capital_wasteland,common,human,security_guard,soldier,tenpenny_tower"
sentinel_lyons,"brotherhood_of_steel,common,mojave,sentinel_lyons"
sergeant_daniels,"capital_wasteland,common,human,leader,medic,medicine,military,mothership_zeta,sergeant_daniels,soldier"
sergeant_montgomery,"common,firearms,human,leader,sergeant_montgomery,survival,survivalist"
sergeant_rl-3,"common,military,robot,robotics,sergeant_rl_3,soldier"
seth,"common,human,seth"
shakes,"capital_wasteland,common,merchant,robot,robotics,shakes,tenpenny_tower"
shawna,"common,human,shawna,survival,survivalist"
shorty,"big_town,capital_wasteland,common,human,shorty,survival,survivalist"
shrapnel,"capital_wasteland,common,human,merchant,raider,rivet_city,shrapnel,trade"
sid,"common,human,sid,survival,survivalist"
sierra_petrovita,"capital_wasteland,common,history,human,sierra_petrovita"
silas,"common,human,silas"
silver,"capital_wasteland,common,human,megaton,silver,survival,survivalist,trade"
simone_cameron,"common,human,simone_cameron,soldier,survival,survivalist"
sister,"capital_wasteland,common,human,paradise_falls,sister,trade"
slave__fo3_category_fallout_3_human_characters,"capital_wasteland,common,human,medic,medicine,paradise_falls,slave,survival,survivalist,trade"
slaver,"capital_wasteland,common,explosives,human,paradise_falls,slaver,trade"
smiling_jack,"common,firearms,human,merchant,smiling_jack"
snowflake,"capital_wasteland,common,ghoul,rivet_city,snowflake"
somah,"capital_wasteland,common,human,paradise_falls,somah,technology"
sonora_cruz,"canterbury_commons,capital_wasteland,common,human,leader,sonora_cruz"
southern_shack_raider,"common,human,raider,southern_shack_raider,survival,survivalist"
sparky,"common,sparky"
specialist_olin,"brotherhood_outcasts,capital_wasteland,common,human,specialist_olin,technology"
split_jack,"capital_wasteland,common,human,leader,split_jack"
spook,"common,human,soldier,spook"
squill,"capital_wasteland,common,human,raider,squill,survival,survivalist,the_pitt"
squire_maxson,"brotherhood_of_steel,capital_wasteland,common,history,human,squire_maxson"
squirrel,"capital_wasteland,common,human,little_lamplight,squirrel"
stacey__fo3_category_fallout_3_human_characters,"capital_wasteland,common,little_lamplight,soldier,stacey"
stanislaus_braun,"common,engineer,engineering,human,leader,stanislaus_braun,technology,vault_tec"
stanley_armstrong__cg02stanley,"capital_wasteland,common,human,stanley_armstrong,vault_101"
stanley_armstrong__cg03stanley,"capital_wasteland,common,human,stanley_armstrong,vault_101"
stanley_armstrong__cg04stanley,"capital_wasteland,common,human,stanley_armstrong,vault_101"
stanley_armstrong__stanley,"capital_wasteland,common,human,stanley_armstrong,vault_101"
star_paladin_cross,"brotherhood_of_steel,capital_wasteland,common,human,leader,megaton,star_paladin_cross"
stefan,"common,soldier,stefan"
steve_armstrong,"capital_wasteland,common,steve_armstrong,vault_101"
sticky,"capital_wasteland,common,human,little_lamplight,sticky,survival,survivalist,trade"
stiggs,"common,engineer,engineering,human,robotics,stiggs,survival,survivalist,technology"
stockholm,"capital_wasteland,common,human,megaton,stockholm"
sun_of_atom,"common,sun_of_atom,survival,survivalist"
survivor,"common,human,scientist,survival,survivalist,survivor"
susan_lancaster,"capital_wasteland,common,human,paradise_falls,susan_lancaster"
susie_mack__cg03susiemack,"capital_wasteland,common,politics,susie_mack,vault_101"
susie_mack__susiemack,"capital_wasteland,common,human,susie_mack,vault_101"
sydney,"capital_wasteland,common,firearms,gunsmith,human,hunter,sydney"
sydney+s_father,"capital_wasteland,common,firearms,gunsmith,human,sydney_s_father"
talon_company_boss,"capital_wasteland,common,human,leader,talon_company,talon_company_boss"
talon_company_merc,"capital_wasteland,common,human,survival,survivalist,talon_company,talon_company_merc"
tammy_hargrave,"capital_wasteland,common,human,rivet_city,tammy_hargrave"
tara,"common,human,survival,survivalist,tara"
tara_fields,"common,human,military,soldier,tara_fields"
ted__awmted,"capital_wasteland,common,human,hunter,ted"
ted_strayer,"capital_wasteland,common,human,rivet_city,survival,survivalist,ted_strayer"
tenpenny_resident,"capital_wasteland,common,human,tenpenny_resident,tenpenny_tower,trade"
the_antagonizer,"canterbury_commons,capital_wasteland,common,the_antagonizer"
the_mechanist,"canterbury_commons,capital_wasteland,common,engineer,engineering,robot,robotics,the_mechanist"
the_overseer__cg02overseer,"capital_wasteland,common,human,leader,politics,the_overseer,vault_101"
the_overseer__cg04overseer,"capital_wasteland,common,human,leader,politics,the_overseer,vault_101"
the_overseer__overseer,"capital_wasteland,common,human,leader,politics,the_overseer,vault_101"
the_preacher,"common,explosives,human,the_preacher"
the_surgeon,"biology,common,human,medic,medicine,scientist,the_surgeon"
theo,"common,human,reillys_rangers,theo"
thompson,"capital_wasteland,common,explosives,human,survival,survivalist,talon_company,thompson"
three_dog,"capital_wasteland,common,survival,survivalist,three_dog"
tiffany_cheng,"capital_wasteland,common,human,tenpenny_tower,tiffany_cheng"
timebomb,"big_town,capital_wasteland,common,human,timebomb"
timmy_neusbaum,"common,human,timmy_neusbaum"
tinker_joe,"capital_wasteland,common,human,megaton,merchant,robotics,tinker_joe,trade"
tobar_the_ferryman,"capital_wasteland,common,human,point_lookout,tobar_the_ferryman,tribal"
tom_holden,"capital_wasteland,common,human,tom_holden,vault_101,vault_dweller"
torcher,"common,human,leader,raider,torcher"
toshiro_kago,"capital_wasteland,common,mothership_zeta,toshiro_kago"
tree_father_birch,"common,human,leader,tree_father_birch"
trigger,"capital_wasteland,common,human,trigger"
trinnie,"capital_wasteland,common,human,little_lamplight,trinnie"
trouble_man,"common,human,raider,soldier,trouble_man"
tuck_johnson,"common,human,tuck_johnson"
tulip,"capital_wasteland,common,ghoul,history,merchant,trade,tulip,underworld"
twigbag,"capital_wasteland,common,human,point_lookout,survival,survivalist,twigbag"
uncle_leo,"capital_wasteland,common,super_mutant,survival,survivalist,uncle_leo"
uncle_roe,"canterbury_commons,capital_wasteland,common,human,leader,merchant,traveler,uncle_roe"
vance,"capital_wasteland,common,human,leader,rivet_city,vance"
vault-tec_representative,"common,human,vault_tec,vault_tec_representative"
vera_weatherly,"capital_wasteland,common,human,rivet_city,vera_weatherly"
victoria_watts,"capital_wasteland,common,rivet_city,soldier,survival,survivalist,victoria_watts"
vikia,"capital_wasteland,common,human,raider,the_pitt,vikia"
wadsworth,"capital_wasteland,common,megaton,robot,robotics,wadsworth"
wally_mack__cg02wallymack,"capital_wasteland,common,firearms,ghoul,leader,tunnel_snakes,vault_101,wally_mack"
wally_mack__cg03wallymack,"capital_wasteland,common,leader,tunnel_snakes,vault_101,wally_mack"
wally_mack__wallymack,"capital_wasteland,common,human,leader,tunnel_snakes,vault_101,wally_mack"
walter,"capital_wasteland,common,human,megaton,walter"
wanderer_character,"capital_wasteland,common,human,raider,survival,survivalist,wanderer_character"
wasteland_captive,"capital_wasteland,common,human,survival,survivalist,trade,wasteland_captive"
wasteland_doctor,"capital_wasteland,common,human,medic,medicine,survival,survivalist,wasteland_doctor"
wasteland_junkie,"capital_wasteland,common,human,merchant,survival,survivalist,trade,wasteland_junkie"
wasteland_merchant_character,"capital_wasteland,common,human,megaton,merchant,survival,survivalist,trade,wasteland_merchant_character"
wasteland_recluse,"capital_wasteland,common,human,survival,survivalist,wasteland_recluse"
wastelander__satcom01madscientist,"capital_wasteland,common,ghoul,researcher,wastelander"
water_caravan_drivers,"capital_wasteland,common,human,rivet_city,survival,survivalist,traveler,water_caravan_drivers"
wernher,"capital_wasteland,common,human,raider,the_pitt,wernher"
wild_bill,"capital_wasteland,common,firearms,human,the_pitt,wild_bill"
william_brandice,"capital_wasteland,common,doctor,firearms,human,medic,medicine,megaton,survival,survivalist,william_brandice"
willow,"capital_wasteland,common,ghoul,survival,survivalist,underworld,willow"
willy,"capital_wasteland,common,human,survival,survivalist,tenpenny_tower,traveler,willy"
winger_gervais,"common,human,winger_gervais"
winger_mercier,"common,human,survival,survivalist,winger_mercier"
wint,"capital_wasteland,common,ghoul,survival,survivalist,underworld,wint"
winthrop,"capital_wasteland,common,ghoul,robotics,technology,underworld,winthrop"
woodrose,"capital_wasteland,common,human,point_lookout,survival,survivalist,woodrose"
ymir,"capital_wasteland,common,human,paradise_falls,ymir"
zip,"capital_wasteland,common,human,little_lamplight,zip"
